CREATE TABLE IF NOT EXISTS `ipd_doctor_in_charge` (
  `doctor_in_charge_id` INT(11) UNSIGNED NOT NULL AUTO_INCREMENT,
  `an` VARCHAR(13) CHARACTER SET tis620 COLLATE 'tis620_thai_ci' DEFAULT NULL,
  `hn` VARCHAR(9) CHARACTER SET tis620 COLLATE 'tis620_thai_ci' DEFAULT NULL,
  `doctor` VARCHAR(7) CHARACTER SET tis620 COLLATE 'tis620_thai_ci' DEFAULT NULL,
  `spclty` VARCHAR(2) CHARACTER SET tis620 COLLATE 'tis620_thai_ci' DEFAULT NULL,
  `status` VARCHAR(1) DEFAULT NULL,
  `activated` VARCHAR(5) DEFAULT NULL,
  `create_user` VARCHAR(250) CHARACTER SET tis620 COLLATE 'tis620_thai_ci' NOT NULL,
  `create_datetime` DATETIME NOT NULL,
  `update_user` VARCHAR(250) CHARACTER SET tis620 COLLATE 'tis620_thai_ci' DEFAULT NULL,
  `update_datetime` DATETIME DEFAULT NULL,
  `version` INT(11) NOT NULL,
  PRIMARY KEY (`doctor_in_charge_id`) USING BTREE,
  INDEX `doctor` (`doctor`) USING BTREE,
  INDEX `an` (`an`) USING BTREE,
  INDEX `hn` (`hn`) USING BTREE
) ENGINE=InnoDB DEFAULT CHARSET=utf8mb4 COLLATE=utf8mb4_general_ci ROW_FORMAT=COMPACT;

CREATE TABLE IF NOT EXISTS `ipd_dr_admission_note` (
  `admission_note_id` INT(11) UNSIGNED NOT NULL AUTO_INCREMENT,
  `hn` VARCHAR(9) CHARACTER SET tis620 COLLATE 'tis620_thai_ci' NOT NULL,
  `an` VARCHAR(13) CHARACTER SET tis620 COLLATE 'tis620_thai_ci' NOT NULL,
  `receiver_medication_date` DATE DEFAULT NULL,
  `receiver_medication_time` TIME DEFAULT NULL,
  `take_medication_by` VARCHAR(40) DEFAULT NULL,
  `arrive_by` VARCHAR(40) DEFAULT NULL,
  `taken_by_relative` VARCHAR(10) DEFAULT NULL,
  `taken_by_nurse` VARCHAR(10) DEFAULT NULL,
  `taken_by_crib` VARCHAR(10) DEFAULT NULL,
  `taken_by_etc` VARCHAR(40) DEFAULT NULL,
  `taken_by` VARCHAR(40) DEFAULT NULL,
  `informant_patient` VARCHAR(40) DEFAULT NULL,
  `informant_relatives` VARCHAR(40) DEFAULT NULL,
  `informant_deliverer` VARCHAR(40) DEFAULT NULL,
  `informant_etc` VARCHAR(40) DEFAULT NULL,
  `chief_complaints` TEXT DEFAULT NULL,
  `medical_history` TEXT DEFAULT NULL,
  `bp` VARCHAR(10) DEFAULT NULL,
  `t` DECIMAL(3,1) UNSIGNED DEFAULT NULL,
  `pr` INT(5) UNSIGNED DEFAULT NULL,
  `rr` INT(5) DEFAULT NULL,
  `gcs` INT(5) DEFAULT NULL,
  `e` VARCHAR(1) DEFAULT NULL,
  `v` VARCHAR(1) DEFAULT NULL,
  `m` VARCHAR(1) DEFAULT NULL,
  `braden_scale` TEXT DEFAULT NULL,
  `disease` VARCHAR(20) DEFAULT NULL,
  `disease_detail` TEXT DEFAULT NULL,
  `disease_etc` TEXT DEFAULT NULL,
  `last_dose_taken_time` DATETIME DEFAULT NULL,
  `last_dose_taken_remark` TEXT DEFAULT NULL,
  `operation_history` TEXT DEFAULT NULL,
  `allergy_history` VARCHAR(20) DEFAULT NULL,
  `allergy_drug_history` TEXT DEFAULT NULL,
  `allergy_drug_history_hosxp` TEXT DEFAULT NULL,
  `allergy_drug_pharmacy_check_person` VARCHAR(7) CHARACTER SET tis620 COLLATE 'tis620_thai_ci' DEFAULT NULL,
  `allergy_drug_pharmacy_check_datetime` DATETIME DEFAULT NULL,
  `allergy_food_history` TEXT DEFAULT NULL,
  `allergy_etc_history` TEXT DEFAULT NULL,
  `allergy_detail` TEXT DEFAULT NULL,
  `family_medical_history` TEXT DEFAULT NULL,
  `family_medical_history_detail` TEXT DEFAULT NULL,
  `receives_immunisation_history_kid` VARCHAR(40) DEFAULT NULL,
  `developmentally_kid` VARCHAR(40) DEFAULT NULL,
  `g` INT(2) DEFAULT NULL,
  `p` VARCHAR(50) DEFAULT NULL,
  `anc` VARCHAR(200) DEFAULT NULL,
  `tt` INT(2) DEFAULT NULL,
  `gestational_age` VARCHAR(10) DEFAULT NULL,
  `gestational_day` VARCHAR(10) DEFAULT NULL,
  `last_child` INT(2) DEFAULT NULL,
  `last_abort` VARCHAR(50) DEFAULT NULL,
  `curette` VARCHAR(1) DEFAULT NULL,
  `lmp` DATE DEFAULT NULL,
  `edc` DATE DEFAULT NULL,
  `pb_no` VARCHAR(1) DEFAULT NULL,
  `giant_baby` VARCHAR(1) DEFAULT NULL,
  `distocia` VARCHAR(1) DEFAULT NULL,
  `extraction` VARCHAR(200) DEFAULT NULL,
  `pph` VARCHAR(1) DEFAULT NULL,
  `pb_etc` VARCHAR(200) DEFAULT NULL,
  `hf` INT(2) DEFAULT NULL,
  `hf_position` VARCHAR(200) DEFAULT NULL,
  `hiv` VARCHAR(10) DEFAULT NULL,
  `vdrl` VARCHAR(20) DEFAULT NULL,
  `hbs_ag` VARCHAR(20) DEFAULT NULL,
  `hct` DECIMAL(3,1) DEFAULT NULL,
  `hiv2` VARCHAR(10) DEFAULT NULL,
  `vdrl2` VARCHAR(20) DEFAULT NULL,
  `hbs_ag2` VARCHAR(20) DEFAULT NULL,
  `hct2` DECIMAL(3,1) DEFAULT NULL,
  `gr` VARCHAR(200) DEFAULT NULL,
  `thalassemia` VARCHAR(200) DEFAULT NULL,
  `husband` VARCHAR(200) DEFAULT NULL,
  `condition_pregnant` TEXT DEFAULT NULL,
  `deliver_anomalies` VARCHAR(40) DEFAULT NULL,
  `deliver_anomalies_means` VARCHAR(50) DEFAULT NULL,
  `deliver_location` VARCHAR(50) DEFAULT NULL,
  `deliver_first_weight` DECIMAL(5,0) DEFAULT NULL,
  `deliver_first_health` VARCHAR(40) DEFAULT NULL,
  `fant_breast_feeding_end_age_month` INT(3) DEFAULT NULL,
  `fant_artificial_feeding_start_age_month` INT(3) DEFAULT NULL,
  `fant_feeding_etc` VARCHAR(40) DEFAULT NULL,
  `supplementary_feeding` VARCHAR(20) DEFAULT NULL,
  `supplementary_feeding_start_age_month` INT(3) DEFAULT NULL,
  `disease_operation_allergy` TEXT DEFAULT NULL,
  `inpatient_history` VARCHAR(10) DEFAULT NULL,
  `inpatient_last_date` VARCHAR(40) DEFAULT NULL,
  `inpatient_location` VARCHAR(200) DEFAULT NULL,
  `inpatient_because` VARCHAR(200) DEFAULT NULL,
  `pe_general` VARCHAR(200) DEFAULT NULL,
  `pe_skin` VARCHAR(200) DEFAULT NULL,
  `pe_heent` VARCHAR(200) DEFAULT NULL,
  `pe_neck` VARCHAR(200) DEFAULT NULL,
  `pe_breastthorax` VARCHAR(200) DEFAULT NULL,
  `pe_heart` VARCHAR(200) DEFAULT NULL,
  `pe_lungs` VARCHAR(200) DEFAULT NULL,
  `pe_abdomen` VARCHAR(200) DEFAULT NULL,
  `pe_rectalgenitalia` VARCHAR(200) DEFAULT NULL,
  `pe_extremities` VARCHAR(200) DEFAULT NULL,
  `pe_neurological` VARCHAR(200) DEFAULT NULL,
  `pe_ob_gynexam` VARCHAR(200) DEFAULT NULL,
  `pe_other` VARCHAR(200) DEFAULT NULL,
  `pe_text` TEXT DEFAULT NULL,
  `svg_tag` TEXT DEFAULT NULL,
  `impression` VARCHAR(150) DEFAULT NULL,
  `diff_dx` VARCHAR(150) DEFAULT NULL,
  `plan_management` VARCHAR(150) DEFAULT NULL,
  `nurse_name` VARCHAR(150) DEFAULT NULL,
  `nurse_pos` VARCHAR(150) DEFAULT NULL,
  `nurse_licenseno` VARCHAR(150) DEFAULT NULL,
  `doc_name` VARCHAR(150) DEFAULT NULL,
  `doc_pos` VARCHAR(150) DEFAULT NULL,
  `mem_ruptured_hours` SMALLINT(5) UNSIGNED DEFAULT NULL,
  `lr_back_fetus` VARCHAR(20) DEFAULT NULL,
  `lr_presentation` VARCHAR(20) DEFAULT NULL,
  `lr_engagement` VARCHAR(1) DEFAULT NULL,
  `lr_prominence` VARCHAR(20) DEFAULT NULL,
  `lr_attitude` VARCHAR(20) DEFAULT NULL,
  `lr_fhr` SMALLINT(5) UNSIGNED DEFAULT NULL,
  `lr_fhr_irrigular` VARCHAR(1) DEFAULT NULL,
  `lr_efw` SMALLINT(5) UNSIGNED DEFAULT NULL,
  `lr_interval` VARCHAR(20) DEFAULT NULL,
  `lr_duration` TINYINT(3) UNSIGNED DEFAULT NULL,
  `lr_intensity` VARCHAR(20) DEFAULT NULL,
  `lr_pelvic_diagonal` Decimal(3,1) DEFAULT NULL,
  `lr_pelvic_interspinous` Decimal(3,1) DEFAULT NULL,
  `lr_pelvic_sidewall` VARCHAR(20) DEFAULT NULL,
  `lr_ischeal_spine` VARCHAR(20) DEFAULT NULL,
  `lr_sacral_curve` VARCHAR(20) DEFAULT NULL,
  `lr_pubic_angle` TINYINT(3) UNSIGNED DEFAULT NULL,
  `lr_pelvic_ok` VARCHAR(1) DEFAULT NULL,
  `lr_cx_dilate` TINYINT(3) UNSIGNED DEFAULT NULL,
  `lr_cx_efface` TINYINT(3) UNSIGNED DEFAULT NULL,
  `lr_cx_station` TINYINT(3) DEFAULT NULL,
  `lr_cx_position` VARCHAR(20) DEFAULT NULL,
  `lr_cx_consistency` VARCHAR(20) DEFAULT NULL,
  `lr_cx_bishop` TINYINT(3) UNSIGNED DEFAULT NULL,
  `lr_cx_ok` VARCHAR(1) DEFAULT NULL,
  `lr_membrane` VARCHAR(20) DEFAULT NULL,
  `lr_amniotic_color` VARCHAR(10) DEFAULT NULL,
  `lr_amniotic_smell` VARCHAR(10) DEFAULT NULL,
  `ros_eent` VARCHAR(200) DEFAULT NULL,
  `ros_neuro` VARCHAR(200) DEFAULT NULL,
  `ros_lung` VARCHAR(200) DEFAULT NULL,
  `ros_tb` VARCHAR(200) DEFAULT NULL,
  `ros_ht` VARCHAR(200) DEFAULT NULL,
  `ros_heart` VARCHAR(200) DEFAULT NULL,
  `ros_liver` VARCHAR(200) DEFAULT NULL,
  `ros_gi` VARCHAR(200) DEFAULT NULL,
  `ros_endocrine` VARCHAR(200) DEFAULT NULL,
  `ros_kidney` VARCHAR(200) DEFAULT NULL,
  `ros_tumour` VARCHAR(200) DEFAULT NULL,
  `ros_hemato` VARCHAR(200) DEFAULT NULL,
  `ros_rheumato` VARCHAR(200) DEFAULT NULL,
  `ros_psychia` VARCHAR(200) DEFAULT NULL,
  `ros_other` VARCHAR(200) DEFAULT NULL,
  `addict` VARCHAR(20) DEFAULT NULL,
  `addict_assist` TEXT DEFAULT NULL,
  `addict_inj` VARCHAR(1) DEFAULT NULL,
  `addict_inj_often` VARCHAR(1) DEFAULT NULL,
  `amphetamine_awq` TEXT DEFAULT NULL,
  `aggression_oas` TEXT DEFAULT NULL,
  `motivation_scale` TINYINT(2) UNSIGNED DEFAULT NULL,
  `craving_scale` TINYINT(2) UNSIGNED DEFAULT NULL,
  `stage_of_change_id` INT(11) UNSIGNED DEFAULT NULL,
  `alcohol_audit` TEXT DEFAULT NULL,
  `alcohol_aws` TEXT DEFAULT NULL,
  `alcohol_ciwa` TEXT DEFAULT NULL,
  `depress_2q` TEXT DEFAULT NULL,
  `depress_9q` TEXT DEFAULT NULL,
  `depress_cdi` TEXT DEFAULT NULL,
  `depress_cesd` TEXT DEFAULT NULL,
  `depress_phqa` TEXT DEFAULT NULL,
  `nicotin_ftnd` TEXT DEFAULT NULL,
  `ptsd_screen` TEXT DEFAULT NULL,
  `ptsd_pisces` TEXT DEFAULT NULL,
  `ptsd_cries` TEXT DEFAULT NULL,
  `suicide_8q` TEXT DEFAULT NULL,
  `stress_st5` TEXT DEFAULT NULL,
  `create_user` VARCHAR(250) CHARACTER SET tis620 COLLATE 'tis620_thai_ci' NOT NULL,
  `create_datetime` DATETIME NOT NULL,
  `update_user` VARCHAR(250) CHARACTER SET tis620 COLLATE 'tis620_thai_ci' NOT NULL,
  `update_datetime` DATETIME NOT NULL,
  `version` INT(11) NOT NULL,
  PRIMARY KEY (`admission_note_id`) USING BTREE,
  UNIQUE INDEX `in_an` (`an`) USING BTREE
) ENGINE=InnoDB DEFAULT CHARSET=utf8mb4 COLLATE=utf8mb4_general_ci ROW_FORMAT=DYNAMIC;

CREATE TABLE IF NOT EXISTS `ipd_dr_admission_note_item` (
  `admission_note_item_id` INT(11) UNSIGNED NOT NULL AUTO_INCREMENT,
  `admission_note_id` INT(11) UNSIGNED DEFAULT NULL,
  `an` VARCHAR(13) CHARACTER SET tis620 COLLATE 'tis620_thai_ci' DEFAULT NULL,
  `admission_note_doctor` VARCHAR(7) DEFAULT NULL,
  `create_user` VARCHAR(250) CHARACTER SET tis620 COLLATE 'tis620_thai_ci' NOT NULL,
  `create_datetime` DATETIME NOT NULL,
  `update_user` VARCHAR(250) CHARACTER SET tis620 COLLATE 'tis620_thai_ci' NOT NULL,
  `update_datetime` DATETIME NOT NULL,
  `version` INT(11) NOT NULL,
  PRIMARY KEY (`admission_note_item_id`) USING BTREE,
  UNIQUE INDEX `admission_note_id` (`admission_note_id`,`admission_note_doctor`) USING BTREE,
  INDEX `admission_note_id_2` (`admission_note_id`) USING BTREE
) ENGINE=InnoDB DEFAULT CHARSET=utf8mb4 COLLATE=utf8mb4_general_ci ROW_FORMAT=COMPACT;

CREATE TABLE IF NOT EXISTS `ipd_dr_consult` (
  `consult_id` INT(11) UNSIGNED NOT NULL AUTO_INCREMENT,
  `consult_type` INT(11) UNSIGNED DEFAULT NULL,
  `consult_ward` VARCHAR(2) DEFAULT NULL,
  `consult_emergency` VARCHAR(1) DEFAULT NULL,
  `consult_spclty` VARCHAR(2) DEFAULT NULL,
  `consult_doctorcode_mention` VARCHAR(7) DEFAULT NULL,
  `consult_date` DATE DEFAULT NULL,
  `consult_time` TIME DEFAULT NULL,
  `consult_data` TEXT DEFAULT NULL,
  `consult_datetime_create_reply` DATETIME DEFAULT NULL,
  `consult_datetime_update_reply` DATETIME DEFAULT NULL,
  `consult_finding` TEXT DEFAULT NULL,
  `consult_diagnosis` TEXT DEFAULT NULL,
  `consult_recommendation` TEXT DEFAULT NULL,
  `consult_status` VARCHAR(1) DEFAULT NULL,
  `an` VARCHAR(13) CHARACTER SET tis620 COLLATE 'tis620_thai_ci' NOT NULL,
  `create_user` VARCHAR(250) CHARACTER SET tis620 COLLATE 'tis620_thai_ci' NOT NULL,
  `create_datetime` DATETIME NOT NULL,
  `update_user` VARCHAR(250) CHARACTER SET tis620 COLLATE 'tis620_thai_ci' DEFAULT NULL,
  `update_datetime` DATETIME DEFAULT NULL,
  `version` INT(11) NOT NULL,
  PRIMARY KEY (`consult_id`) USING BTREE,
  INDEX `an` (`an`) USING BTREE,
  INDEX `consult_date` (`consult_date`) USING BTREE,
  INDEX `consult_spclty` (`consult_spclty`) USING BTREE
) ENGINE=InnoDB DEFAULT CHARSET=utf8mb4 COLLATE=utf8mb4_general_ci ROW_FORMAT=DYNAMIC;

CREATE TABLE IF NOT EXISTS `ipd_dr_consult_signature_reply` (
  `consult_reply_id` INT(11) UNSIGNED NOT NULL AUTO_INCREMENT,
  `consult_id` INT(11) UNSIGNED DEFAULT NULL,
  `consult_doctorcode_reply` VARCHAR(7) CHARACTER SET tis620 COLLATE 'tis620_thai_ci' DEFAULT NULL,
  `consult_doctorcode_reply_person2` VARCHAR(7) CHARACTER SET tis620 COLLATE 'tis620_thai_ci' DEFAULT NULL,
  `an` VARCHAR(13) CHARACTER SET tis620 COLLATE 'tis620_thai_ci' DEFAULT NULL,
  `create_user` VARCHAR(250) CHARACTER SET tis620 COLLATE 'tis620_thai_ci' NOT NULL,
  `create_datetime` DATETIME NOT NULL,
  `update_user` VARCHAR(250) CHARACTER SET tis620 COLLATE 'tis620_thai_ci' NOT NULL,
  `update_datetime` DATETIME NOT NULL,
  `version` INT(11) NOT NULL,
  PRIMARY KEY (`consult_reply_id`) USING BTREE,
  INDEX `consult_id` (`consult_id`) USING BTREE,
  INDEX `an` (`an`) USING BTREE
) ENGINE=InnoDB DEFAULT CHARSET=utf8mb4 COLLATE=utf8mb4_general_ci ROW_FORMAT=DYNAMIC;

CREATE TABLE IF NOT EXISTS `ipd_dr_consult_signature_request` (
  `consult_signature_id` INT(11) UNSIGNED NOT NULL AUTO_INCREMENT,
  `consult_id` INT(11) UNSIGNED DEFAULT NULL,
  `consult_doctorcode_request` VARCHAR(7) CHARACTER SET tis620 COLLATE 'tis620_thai_ci' DEFAULT NULL,
  `consult_doctorcode_request_person2` VARCHAR(7) CHARACTER SET tis620 COLLATE 'tis620_thai_ci' DEFAULT NULL,
  `an` VARCHAR(13) CHARACTER SET tis620 COLLATE 'tis620_thai_ci' DEFAULT NULL,
  `create_user` VARCHAR(250) CHARACTER SET tis620 COLLATE 'tis620_thai_ci' NOT NULL,
  `create_datetime` DATETIME NOT NULL,
  `update_user` VARCHAR(250) CHARACTER SET tis620 COLLATE 'tis620_thai_ci' NOT NULL,
  `update_datetime` DATETIME NOT NULL,
  `version` INT(11) NOT NULL,
  PRIMARY KEY (`consult_signature_id`) USING BTREE,
  INDEX `consult_id` (`consult_id`) USING BTREE,
  INDEX `an` (`an`) USING BTREE
) ENGINE=InnoDB DEFAULT CHARSET=utf8mb4 COLLATE=utf8mb4_general_ci ROW_FORMAT=DYNAMIC;

CREATE TABLE IF NOT EXISTS `ipd_dr_consult_type` (
  `consult_type_id` INT(11) UNSIGNED NOT NULL AUTO_INCREMENT,
  `consult_type_name` VARCHAR(255) DEFAULT NULL,
  `consult_type_order` SMALLINT(4) DEFAULT NULL,
  `version` SMALLINT(4) DEFAULT NULL,
  `create_user` VARCHAR(250) CHARACTER SET tis620 COLLATE 'tis620_thai_ci' DEFAULT NULL,
  `create_datetime` DATETIME DEFAULT NULL,
  `update_user` VARCHAR(250) CHARACTER SET tis620 COLLATE 'tis620_thai_ci' DEFAULT NULL,
  `update_datetime` DATETIME DEFAULT NULL,
  PRIMARY KEY (`consult_type_id`) USING BTREE
) ENGINE=MyISAM AUTO_INCREMENT=2 DEFAULT CHARSET=utf8mb4 COLLATE=utf8mb4_general_ci ROW_FORMAT=DYNAMIC;

INSERT INTO `ipd_dr_consult_type` (`consult_type_id`, `consult_type_name`, `consult_type_order`, `version`, `create_user`, `create_datetime`, `update_user`, `update_datetime`) VALUES
	(1, 'ใบ Consult ทั่วไป', 1, 1, 'cha582', '2020-10-28 09:23:29', 'cha582', '2020-10-28 09:23:29');

CREATE TABLE IF NOT EXISTS `ipd_emergency` (
  `emergency_id` INT(11) UNSIGNED NOT NULL AUTO_INCREMENT,
  `emergency_name` VARCHAR(255) DEFAULT NULL,
  `emergency_order` SMALLINT(4) DEFAULT NULL,
  `version` SMALLINT(4) DEFAULT NULL,
  `create_user` VARCHAR(250) CHARACTER SET tis620 COLLATE 'tis620_thai_ci' DEFAULT NULL,
  `create_datetime` DATETIME DEFAULT NULL,
  `update_user` VARCHAR(250) CHARACTER SET tis620 COLLATE 'tis620_thai_ci' DEFAULT NULL,
  `update_datetime` DATETIME DEFAULT NULL,
  PRIMARY KEY (`emergency_id`) USING BTREE
) ENGINE=MyISAM AUTO_INCREMENT=3 DEFAULT CHARSET=utf8mb4 COLLATE=utf8mb4_general_ci ROW_FORMAT=DYNAMIC;

INSERT INTO `ipd_emergency` (`emergency_id`, `emergency_name`, `emergency_order`, `version`, `create_user`, `create_datetime`, `update_user`, `update_datetime`) VALUES
	(1, 'ด่วน', 1, 1, 'cha582', '2020-10-28 09:23:29', 'cha582', '2020-10-28 09:23:29'),
	(2, 'ไม่ด่วน', 2, 1, 'cha582', '2020-10-28 09:23:29', 'cha582', '2020-10-28 09:23:29');

CREATE TABLE IF NOT EXISTS `ipd_focus_list` (
  `fclist_id` INT(11) UNSIGNED NOT NULL AUTO_INCREMENT,
  `smp_id` INT(11) UNSIGNED NOT NULL,
  `focus_id` INT(11) UNSIGNED NOT NULL,
  `focus_text` TEXT DEFAULT NULL,
  `goal_id` TEXT DEFAULT NULL,
  `goal_text` TEXT DEFAULT NULL,
  `fclist_stdate` DATE DEFAULT NULL,
  `fclist_sttime` TIME NOT NULL,
  `fclist_enddate` DATE DEFAULT NULL,
  `fclist_endtime` TIME DEFAULT NULL,
  `fclist_status` VARCHAR(1) NOT NULL,
  `hn` VARCHAR(9) CHARACTER SET tis620 COLLATE 'tis620_thai_ci' DEFAULT NULL,
  `an` VARCHAR(13) CHARACTER SET tis620 COLLATE 'tis620_thai_ci' NOT NULL,
  `create_user` VARCHAR(250) CHARACTER SET tis620 COLLATE 'tis620_thai_ci' NOT NULL,
  `create_datetime` DATETIME NOT NULL,
  `update_user` VARCHAR(250) CHARACTER SET tis620 COLLATE 'tis620_thai_ci' DEFAULT NULL,
  `update_datetime` DATETIME DEFAULT NULL,
  `version` INT(11) NOT NULL,
  PRIMARY KEY (`fclist_id`) USING BTREE,
  INDEX `an` (`an`) USING BTREE
) ENGINE=InnoDB DEFAULT CHARSET=utf8mb4 COLLATE=utf8mb4_general_ci ROW_FORMAT=COMPACT;

CREATE TABLE IF NOT EXISTS `ipd_focus_list_goal_item` (
  `fclist_item_id` INT(11) UNSIGNED NOT NULL AUTO_INCREMENT,
  `fclist_id` INT(11) UNSIGNED DEFAULT NULL,
  `goal_id` INT(11) UNSIGNED DEFAULT NULL,
  `create_user` VARCHAR(250) CHARACTER SET tis620 COLLATE 'tis620_thai_ci' NOT NULL,
  `create_datetime` DATETIME NOT NULL,
  `update_user` VARCHAR(250) CHARACTER SET tis620 COLLATE 'tis620_thai_ci' NOT NULL,
  `update_datetime` DATETIME NOT NULL,
  `version` INT(11) NOT NULL,
  PRIMARY KEY (`fclist_item_id`) USING BTREE,
  UNIQUE INDEX `fclist_goal` (`fclist_id`,`goal_id`) USING BTREE,
  INDEX `consult_id` (`fclist_id`) USING BTREE
) ENGINE=InnoDB DEFAULT CHARSET=utf8mb4 COLLATE=utf8mb4_general_ci ROW_FORMAT=COMPACT;

CREATE TABLE IF NOT EXISTS `ipd_focus_note` (
  `fcnote_id` INT(11) UNSIGNED NOT NULL AUTO_INCREMENT,
  `general_symptoms` TEXT DEFAULT NULL,
  `fclist_id` INT(11) UNSIGNED DEFAULT NULL,
  `assessment` TEXT DEFAULT NULL,
  `intvt_id` TEXT DEFAULT NULL,
  `intvt_text` TEXT DEFAULT NULL,
  `evalution` TEXT DEFAULT NULL,
  `dlc_id` TEXT DEFAULT NULL,
  `dlc_text` TEXT DEFAULT NULL,
  `other` TEXT DEFAULT NULL,
  `an` VARCHAR(13) CHARACTER SET tis620 COLLATE 'tis620_thai_ci' DEFAULT NULL,
  `hn` VARCHAR(9) CHARACTER SET tis620 COLLATE 'tis620_thai_ci' DEFAULT NULL,
  `fcnote_date` DATE DEFAULT NULL,
  `fcnote_time` TIME DEFAULT NULL,
  `fcnote_patient_type` VARCHAR(2) DEFAULT NULL,
  `ward` VARCHAR(4) CHARACTER SET tis620 COLLATE 'tis620_thai_ci' DEFAULT NULL,
  `create_user` VARCHAR(250) CHARACTER SET tis620 COLLATE 'tis620_thai_ci' DEFAULT NULL,
  `create_datetime` DATETIME DEFAULT NULL,
  `update_user` VARCHAR(250) CHARACTER SET tis620 COLLATE 'tis620_thai_ci' DEFAULT NULL,
  `update_datetime` DATETIME DEFAULT NULL,
  `version` INT(11) DEFAULT NULL,
  PRIMARY KEY (`fcnote_id`) USING BTREE,
  INDEX `an` (`an`) USING BTREE,
  INDEX `fclist_id` (`fclist_id`) USING BTREE,
  INDEX `fcnote_date` (`fcnote_date`) USING BTREE
) ENGINE=InnoDB DEFAULT CHARSET=utf8mb4 COLLATE=utf8mb4_general_ci ROW_FORMAT=COMPACT;

CREATE TABLE IF NOT EXISTS `ipd_focus_note_dlc_item` (
  `fcnote_dlc_item_id` INT(11) UNSIGNED NOT NULL AUTO_INCREMENT,
  `fcnote_id` INT(11) UNSIGNED DEFAULT NULL,
  `dlc_id` INT(11) UNSIGNED DEFAULT NULL,
  `create_user` VARCHAR(250) CHARACTER SET tis620 COLLATE 'tis620_thai_ci' NOT NULL,
  `create_datetime` DATETIME NOT NULL,
  `update_user` VARCHAR(250) CHARACTER SET tis620 COLLATE 'tis620_thai_ci' NOT NULL,
  `update_datetime` DATETIME NOT NULL,
  `version` INT(11) NOT NULL,
  PRIMARY KEY (`fcnote_dlc_item_id`) USING BTREE,
  UNIQUE INDEX `fcnote_dlc` (`fcnote_id`,`dlc_id`) USING BTREE,
  INDEX `consult_id` (`fcnote_id`) USING BTREE
) ENGINE=InnoDB DEFAULT CHARSET=utf8mb4 COLLATE=utf8mb4_general_ci ROW_FORMAT=COMPACT;

CREATE TABLE IF NOT EXISTS `ipd_focus_note_intvt_item` (
  `fcnote_intvt_item_id` INT(11) UNSIGNED NOT NULL AUTO_INCREMENT,
  `fcnote_id` INT(11) UNSIGNED DEFAULT NULL,
  `intvt_id` INT(11) UNSIGNED DEFAULT NULL,
  `create_user` VARCHAR(250) CHARACTER SET tis620 COLLATE 'tis620_thai_ci' NOT NULL,
  `create_datetime` DATETIME NOT NULL,
  `update_user` VARCHAR(250) CHARACTER SET tis620 COLLATE 'tis620_thai_ci' NOT NULL,
  `update_datetime` DATETIME NOT NULL,
  `version` INT(11) NOT NULL,
  PRIMARY KEY (`fcnote_intvt_item_id`) USING BTREE,
  UNIQUE INDEX `fcnote_intvt` (`fcnote_id`,`intvt_id`) USING BTREE,
  INDEX `consult_id` (`fcnote_id`) USING BTREE
) ENGINE=InnoDB DEFAULT CHARSET=utf8mb4 COLLATE=utf8mb4_general_ci ROW_FORMAT=COMPACT;

CREATE TABLE IF NOT EXISTS `ipd_io` (
  `io_id` INT(11) UNSIGNED NOT NULL AUTO_INCREMENT,
  `io_date` DATE NOT NULL,
  `io_time` TIME NOT NULL,
  `io_parenteral_type` VARCHAR(50) DEFAULT NULL,
  `io_parenteral_name` VARCHAR(200) DEFAULT NULL,
  `io_parenteral_amount` DECIMAL(6,1) DEFAULT NULL,
  `io_parenteral_absorb` DECIMAL(6,1) DEFAULT NULL,
  `io_parenteral_carry_forward` DECIMAL(6,1) DEFAULT NULL,
  `io_parenteral_remark` TEXT DEFAULT NULL,
  `io_oral_name` VARCHAR(200) DEFAULT NULL,
  `io_oral_amount` INT(11) DEFAULT NULL,
  `io_oral_absorb` INT(11) DEFAULT NULL,
  `io_oral_carry_forward` INT(11) DEFAULT NULL,
  `io_oral_remark` TEXT DEFAULT NULL,
  `io_output_type` VARCHAR(50) DEFAULT NULL,
  `io_output_amount` INT(11) DEFAULT NULL,
  `io_output_remark` TEXT DEFAULT NULL,
  `an` VARCHAR(13) CHARACTER SET tis620 COLLATE 'tis620_thai_ci' NOT NULL,
  `create_user` VARCHAR(250) CHARACTER SET tis620 COLLATE 'tis620_thai_ci' NOT NULL,
  `create_datetime` DATETIME NOT NULL,
  `update_user` VARCHAR(250) CHARACTER SET tis620 COLLATE 'tis620_thai_ci' DEFAULT NULL,
  `update_datetime` DATETIME DEFAULT NULL,
  `version` INT(11) NOT NULL,
  PRIMARY KEY (`io_id`) USING BTREE,
  INDEX `an` (`an`) USING BTREE,
  INDEX `io_date` (`io_date`) USING BTREE
) ENGINE=InnoDB DEFAULT CHARSET=utf8mb4 COLLATE=utf8mb4_general_ci ROW_FORMAT=COMPACT;

CREATE TABLE IF NOT EXISTS `ipd_lab_read` (
  `lab_order_number` INT(11) NOT NULL DEFAULT 0,
  `lab_read_user` VARCHAR(250) CHARACTER SET tis620 COLLATE 'tis620_thai_ci' NOT NULL,
  `lab_read_datetime` DATETIME NOT NULL,
  `create_user` VARCHAR(250) CHARACTER SET tis620 COLLATE 'tis620_thai_ci' NOT NULL,
  `create_datetime` DATETIME NOT NULL,
  `update_user` VARCHAR(250) CHARACTER SET tis620 COLLATE 'tis620_thai_ci' NOT NULL,
  `update_datetime` DATETIME NOT NULL,
  `version` INT(11) NOT NULL,
  PRIMARY KEY (`lab_order_number`) USING BTREE
) ENGINE=InnoDB DEFAULT CHARSET=utf8mb4 COLLATE=utf8mb4_general_ci ROW_FORMAT=COMPACT;

CREATE TABLE IF NOT EXISTS `ipd_xray_read` (
  `xn` INT(11) NOT NULL DEFAULT 0,
  `xray_read_user` VARCHAR(250) CHARACTER SET tis620 COLLATE 'tis620_thai_ci' NOT NULL,
  `xray_read_datetime` DATETIME NOT NULL,
  `create_user` VARCHAR(250) CHARACTER SET tis620 COLLATE 'tis620_thai_ci' NOT NULL,
  `create_datetime` DATETIME NOT NULL,
  `update_user` VARCHAR(250) CHARACTER SET tis620 COLLATE 'tis620_thai_ci' NOT NULL,
  `update_datetime` DATETIME NOT NULL,
  `version` INT(11) NOT NULL,
  PRIMARY KEY (`xn`) USING BTREE
) ENGINE=InnoDB DEFAULT CHARSET=utf8mb4 COLLATE=utf8mb4_general_ci ROW_FORMAT=COMPACT;

CREATE TABLE IF NOT EXISTS `ipd_med_reconciliation` (
  `med_reconciliation_id` INT(11) UNSIGNED NOT NULL AUTO_INCREMENT,
  `an` VARCHAR(13) CHARACTER SET tis620 COLLATE 'tis620_thai_ci' DEFAULT NULL,
  `pharmacist` VARCHAR(7) CHARACTER SET tis620 COLLATE 'tis620_thai_ci' DEFAULT NULL,
  `note` TEXT DEFAULT NULL,
  `doctor` VARCHAR(7) CHARACTER SET tis620 COLLATE 'tis620_thai_ci' DEFAULT NULL,
  `med_reconciliation_datetime` DATETIME DEFAULT NULL,
  `phamacist_confirm_datetime` DATETIME DEFAULT NULL,
  `doctor_confirm_datetime` DATETIME DEFAULT NULL,
  `create_user` VARCHAR(250) CHARACTER SET tis620 COLLATE 'tis620_thai_ci' NOT NULL,
  `create_datetime` DATETIME NOT NULL,
  `update_user` VARCHAR(250) CHARACTER SET tis620 COLLATE 'tis620_thai_ci' NOT NULL,
  `update_datetime` DATETIME NOT NULL,
  `version` INT(11) NOT NULL,
  PRIMARY KEY (`med_reconciliation_id`) USING BTREE,
  INDEX `an` (`an`) USING BTREE
) ENGINE=InnoDB DEFAULT CHARSET=utf8mb4 COLLATE=utf8mb4_general_ci ROW_FORMAT=COMPACT;

CREATE TABLE IF NOT EXISTS `ipd_med_reconciliation_item` (
  `med_reconciliation_item_id` INT(11) UNSIGNED NOT NULL AUTO_INCREMENT,
  `med_reconciliation_id` INT(11) UNSIGNED DEFAULT NULL,
  `an` VARCHAR(13) CHARACTER SET tis620 COLLATE 'tis620_thai_ci' DEFAULT NULL,
  `icode` VARCHAR(7) CHARACTER SET tis620 COLLATE 'tis620_thai_ci' DEFAULT NULL,
  `med_name` VARCHAR(255) DEFAULT NULL,
  `custom_med_name` VARCHAR(255) DEFAULT NULL,
  `receive_from` VARCHAR(255) DEFAULT NULL,
  `receive_date` DATE DEFAULT NULL,
  `old_drugusage` TEXT DEFAULT NULL,
  `changed_drugusage` TEXT DEFAULT NULL,
  `receive_qty` INT(11) DEFAULT NULL,
  `last_dose_taken_time` DATETIME DEFAULT NULL,
  `last_dose_taken_remark` VARCHAR(255) DEFAULT NULL,
  `use` VARCHAR(1) DEFAULT NULL,
  `create_user` VARCHAR(250) CHARACTER SET tis620 COLLATE 'tis620_thai_ci' NOT NULL,
  `create_datetime` DATETIME NOT NULL,
  `update_user` VARCHAR(250) CHARACTER SET tis620 COLLATE 'tis620_thai_ci' NOT NULL,
  `update_datetime` DATETIME NOT NULL,
  `version` INT(11) NOT NULL,
  PRIMARY KEY (`med_reconciliation_item_id`) USING BTREE,
  INDEX `med_reconciliation_id` (`med_reconciliation_id`) USING BTREE
) ENGINE=InnoDB DEFAULT CHARSET=utf8mb4 COLLATE=utf8mb4_general_ci ROW_FORMAT=COMPACT;

CREATE TABLE IF NOT EXISTS `ipd_nurse_admission_note` (
  `nurse_admission_note_id` INT(11) UNSIGNED NOT NULL AUTO_INCREMENT,
  `hn` VARCHAR(9) CHARACTER SET tis620 COLLATE 'tis620_thai_ci' NOT NULL,
  `an` VARCHAR(13) CHARACTER SET tis620 COLLATE 'tis620_thai_ci' NOT NULL,
  `info_patient` VARCHAR(1) DEFAULT NULL,
  `info_parent` VARCHAR(1) DEFAULT NULL,
  `info_spouse` VARCHAR(1) DEFAULT NULL,
  `info_child` VARCHAR(1) DEFAULT NULL,
  `info_relatives` VARCHAR(1) DEFAULT NULL,
  `info_sender` VARCHAR(1) DEFAULT NULL,
  `chief_complaints` TEXT DEFAULT NULL,
  `medical_history` TEXT DEFAULT NULL,
  `vs_admit` TEXT DEFAULT NULL,
  `concious` VARCHAR(12) DEFAULT NULL,
  `normal_breath` VARCHAR(1) DEFAULT NULL,
  `kussmaul` VARCHAR(1) DEFAULT NULL,
  `tachypnea` VARCHAR(1) DEFAULT NULL,
  `dyspnea` VARCHAR(1) DEFAULT NULL,
  `apnea` VARCHAR(1) DEFAULT NULL,
  `tube` VARCHAR(1) DEFAULT NULL,
  `normal_hr` VARCHAR(1) DEFAULT NULL,
  `arregular` VARCHAR(1) DEFAULT NULL,
  `weakness` VARCHAR(1) DEFAULT NULL,
  `arrhythmia` VARCHAR(1) DEFAULT NULL,
  `chestpain` VARCHAR(1) DEFAULT NULL,
  `pacemaker` VARCHAR(1) DEFAULT NULL,
  `cardio_other` VARCHAR(1) DEFAULT NULL,
  `cardio_other_text` TEXT DEFAULT NULL,
  `normal_cir` VARCHAR(1) DEFAULT NULL,
  `pale` VARCHAR(1) DEFAULT NULL,
  `cyanosis` VARCHAR(1) DEFAULT NULL,
  `generalized_edema` VARCHAR(1) DEFAULT NULL,
  `localized_edema` VARCHAR(1) DEFAULT NULL,
  `localized_edema_text` TEXT DEFAULT NULL,
  `pitting_edema` VARCHAR(1) DEFAULT NULL,
  `pitting_edema_text` TEXT DEFAULT NULL,
  `circulation_orther` VARCHAR(1) DEFAULT NULL,
  `circulation_orther_text` TEXT DEFAULT NULL,
  `normal_skin` VARCHAR(1) DEFAULT NULL,
  `dry` VARCHAR(1) DEFAULT NULL,
  `bruise` VARCHAR(1) DEFAULT NULL,
  `erythema` VARCHAR(1) DEFAULT NULL,
  `abscess` VARCHAR(1) DEFAULT NULL,
  `joudice` VARCHAR(1) DEFAULT NULL,
  `skin_other` VARCHAR(1) DEFAULT NULL,
  `skin_other_text` TEXT DEFAULT NULL,
  `pain` VARCHAR(10) DEFAULT NULL,
  `location` TEXT DEFAULT NULL,
  `pain_charac` VARCHAR(15) DEFAULT NULL,
  `pain_charac_text` TEXT DEFAULT NULL,
  `pain_score` VARCHAR(4) DEFAULT NULL,
  `normal_behav` VARCHAR(1) DEFAULT NULL,
  `agitate` VARCHAR(1) DEFAULT NULL,
  `aggressive` VARCHAR(1) DEFAULT NULL,
  `depression` VARCHAR(1) DEFAULT NULL,
  `madness` VARCHAR(1) DEFAULT NULL,
  `behaviour_other` VARCHAR(1) DEFAULT NULL,
  `behaviour_other_text` TEXT DEFAULT NULL,
  `normal_emotional` VARCHAR(1) DEFAULT NULL,
  `angry` VARCHAR(1) DEFAULT NULL,
  `moody` VARCHAR(1) DEFAULT NULL,
  `anxiety` VARCHAR(1) DEFAULT NULL,
  `fear` VARCHAR(1) DEFAULT NULL,
  `emotional_other` VARCHAR(1) DEFAULT NULL,
  `emotional_other_text` TEXT DEFAULT NULL,
  `no_anxiety` VARCHAR(1) DEFAULT NULL,
  `study` VARCHAR(1) DEFAULT NULL,
  `family` VARCHAR(1) DEFAULT NULL,
  `economy` VARCHAR(1) DEFAULT NULL,
  `habitation` VARCHAR(1) DEFAULT NULL,
  `illness` VARCHAR(1) DEFAULT NULL,
  `spiritual_no` VARCHAR(30) DEFAULT NULL,
  `spiritual_back_home` VARCHAR(30) DEFAULT NULL,
  `spiritual_need_family` VARCHAR(30) DEFAULT NULL,
  `spiritual_other` VARCHAR(1) DEFAULT NULL,
  `spiritual_other_text` TEXT DEFAULT NULL,
  `spiritual_cant_rated` VARCHAR(1) DEFAULT NULL,
  `spiritual_cant_rated_text` TEXT DEFAULT NULL,
  `no_mental_state` VARCHAR(1) DEFAULT NULL,
  `no_mental_state_text` VARCHAR(400) DEFAULT NULL,
  `education` VARCHAR(40) DEFAULT NULL,
  `education_result` VARCHAR(50) DEFAULT NULL,
  `occupation` VARCHAR(70) DEFAULT NULL,
  `income` VARCHAR(15) DEFAULT NULL,
  `self` VARCHAR(1) DEFAULT NULL,
  `person_family` VARCHAR(1) DEFAULT NULL,
  `neighbor` VARCHAR(1) DEFAULT NULL,
  `assistant_other` VARCHAR(50) DEFAULT NULL,
  `assistant_other_text` VARCHAR(100) DEFAULT NULL,
  `assistant_occupation` VARCHAR(70) DEFAULT NULL,
  `clinic` VARCHAR(1) DEFAULT NULL,
  `buy_medicine` VARCHAR(1) DEFAULT NULL,
  `no_risk` VARCHAR(1) DEFAULT NULL,
  `smoking` VARCHAR(1) DEFAULT NULL,
  `smoke_year` VARCHAR(20) DEFAULT NULL,
  `smoke_frequency` VARCHAR(20) DEFAULT NULL,
  `smoke_stopped` VARCHAR(30) DEFAULT NULL,
  `alcohol` VARCHAR(1) DEFAULT NULL,
  `alc_year` VARCHAR(20) DEFAULT NULL,
  `alc_frequency` VARCHAR(20) DEFAULT NULL,
  `alc_stopped` VARCHAR(30) DEFAULT NULL,
  `medication_used` VARCHAR(1) DEFAULT NULL,
  `med_name` TEXT DEFAULT NULL,
  `med_year` VARCHAR(30) DEFAULT NULL,
  `med_frequency` VARCHAR(20) DEFAULT NULL,
  `med_stopped` VARCHAR(30) DEFAULT NULL,
  `diet_regular` VARCHAR(40) DEFAULT NULL,
  `diet_spec` VARCHAR(100) DEFAULT NULL,
  `nutrition_risk` VARCHAR(40) DEFAULT NULL,
  `loss_appetite` VARCHAR(40) DEFAULT NULL,
  `dysphagia` VARCHAR(40) DEFAULT NULL,
  `loss_gustation` VARCHAR(40) DEFAULT NULL,
  `denture` VARCHAR(40) DEFAULT NULL,
  `nutrition_risk_other` VARCHAR(1) DEFAULT NULL,
  `nutrition_risk_other_text` VARCHAR(100) DEFAULT NULL,
  `normal_urine` VARCHAR(1) DEFAULT NULL,
  `dysuria` VARCHAR(1) DEFAULT NULL,
  `incontinence` VARCHAR(1) DEFAULT NULL,
  `staining` VARCHAR(1) DEFAULT NULL,
  `hematuria` VARCHAR(1) DEFAULT NULL,
  `catheter` VARCHAR(1) DEFAULT NULL,
  `normal_feces` VARCHAR(1) DEFAULT NULL,
  `constipation` VARCHAR(1) DEFAULT NULL,
  `diarrhea` VARCHAR(1) DEFAULT NULL,
  `bowel_incontinence` VARCHAR(1) DEFAULT NULL,
  `hemorrhoid` VARCHAR(1) DEFAULT NULL,
  `colostomy` VARCHAR(1) DEFAULT NULL,
  `activity1` VARCHAR(20) DEFAULT NULL,
  `activity2` VARCHAR(20) DEFAULT NULL,
  `activity3` VARCHAR(20) DEFAULT NULL,
  `activity4` VARCHAR(20) DEFAULT NULL,
  `o_p_use` VARCHAR(100) DEFAULT NULL,
  `sleep_per_day` VARCHAR(1) DEFAULT NULL,
  `sleep_hour` VARCHAR(20) DEFAULT NULL,
  `sleep_problems` VARCHAR(1) DEFAULT NULL,
  `sleep_problems_detail` VARCHAR(100) DEFAULT NULL,
  `sleep_med_name` VARCHAR(20) DEFAULT NULL,
  `sleep_med_name_detail` VARCHAR(100) DEFAULT NULL,
  `cognitive` VARCHAR(20) DEFAULT NULL,
  `memory` VARCHAR(20) DEFAULT NULL,
  `memory_detail` VARCHAR(100) DEFAULT NULL,
  `hearing` VARCHAR(20) DEFAULT NULL,
  `hearing_detail` VARCHAR(100) DEFAULT NULL,
  `eartone` VARCHAR(20) DEFAULT NULL,
  `vision` VARCHAR(20) DEFAULT NULL,
  `vision_detail` VARCHAR(100) DEFAULT NULL,
  `vision_eyeglasses` VARCHAR(1) DEFAULT NULL,
  `vision_contactlens` VARCHAR(1) DEFAULT NULL,
  `speech` VARCHAR(20) DEFAULT NULL,
  `speech_detail` VARCHAR(100) DEFAULT NULL,
  `self_image` VARCHAR(5) DEFAULT NULL,
  `self_image_detail` VARCHAR(100) DEFAULT NULL,
  `self_activity` VARCHAR(5) DEFAULT NULL,
  `self_activity_detail` VARCHAR(100) DEFAULT NULL,
  `sickness_effect` VARCHAR(12) DEFAULT NULL,
  `sickness_family` VARCHAR(1) DEFAULT NULL,
  `sickness_occupation` VARCHAR(1) DEFAULT NULL,
  `sickness_education` VARCHAR(1) DEFAULT NULL,
  `sickness_other` VARCHAR(1) DEFAULT NULL,
  `sickness_other_text` VARCHAR(100) DEFAULT NULL,
  `period` VARCHAR(20) DEFAULT NULL,
  `period_normal` VARCHAR(9) DEFAULT NULL,
  `period_disorders` VARCHAR(100) DEFAULT NULL,
  `period_lmp` VARCHAR(100) DEFAULT NULL,
  `period_menopause` VARCHAR(2) DEFAULT NULL,
  `breast` VARCHAR(20) DEFAULT NULL,
  `breast_disorders` VARCHAR(100) DEFAULT NULL,
  `consult` VARCHAR(1) DEFAULT NULL,
  `seclude` VARCHAR(1) DEFAULT NULL,
  `medication` VARCHAR(1) DEFAULT NULL,
  `medication_detail` VARCHAR(100) DEFAULT NULL,
  `religion` VARCHAR(1) DEFAULT NULL,
  `coping_stress_other` VARCHAR(1) DEFAULT NULL,
  `coping_stress_other_detail` VARCHAR(100) DEFAULT NULL,
  `belief_sickness_behave` VARCHAR(1) DEFAULT NULL,
  `belief_sickness_age` VARCHAR(1) DEFAULT NULL,
  `belief_sickness_destiny` VARCHAR(1) DEFAULT NULL,
  `belief_sickness_other` VARCHAR(1) DEFAULT NULL,
  `belief_sickness_other_text` VARCHAR(100) DEFAULT NULL,
  `belief_believe` VARCHAR(5) DEFAULT NULL,
  `belief_believe_text` VARCHAR(100) DEFAULT NULL,
  `religious_activity` VARCHAR(20) DEFAULT NULL,
  `religious_activity_text` VARCHAR(100) DEFAULT NULL,
  `create_user` VARCHAR(250) CHARACTER SET tis620 COLLATE 'tis620_thai_ci' NOT NULL,
  `create_datetime` DATETIME NOT NULL,
  `update_user` VARCHAR(250) CHARACTER SET tis620 COLLATE 'tis620_thai_ci' NOT NULL,
  `update_datetime` DATETIME NOT NULL,
  `version` VARCHAR(3) NOT NULL,
  PRIMARY KEY (`nurse_admission_note_id`) USING BTREE,
  UNIQUE INDEX `an` (`an`) USING BTREE
) ENGINE=InnoDB DEFAULT CHARSET=utf8mb4 COLLATE=utf8mb4_general_ci ROW_FORMAT=COMPACT;

CREATE TABLE IF NOT EXISTS `ipd_nurse_index_action` (
  `action_id` INT(11) UNSIGNED NOT NULL AUTO_INCREMENT,
  `plan_id` INT(11) UNSIGNED DEFAULT NULL,
  `an` VARCHAR(13) CHARACTER SET tis620 COLLATE 'tis620_thai_ci' NOT NULL,
  `check_datetime` DATETIME DEFAULT NULL,
  `check_person` VARCHAR(7) CHARACTER SET tis620 COLLATE 'tis620_thai_ci' DEFAULT NULL,
  `action_result` TEXT DEFAULT NULL,
  `action_remark` TEXT DEFAULT NULL,
  `action_date` DATE DEFAULT NULL,
  `action_time` TIME DEFAULT NULL,
  `action_report_back` VARCHAR(1) DEFAULT NULL,
  `action_blood_had` VARCHAR(1) DEFAULT NULL,
  `action_person_1` VARCHAR(7) CHARACTER SET tis620 COLLATE 'tis620_thai_ci' DEFAULT NULL,
  `action_person_2` VARCHAR(7) CHARACTER SET tis620 COLLATE 'tis620_thai_ci' DEFAULT NULL,
  `create_user` VARCHAR(250) CHARACTER SET tis620 COLLATE 'tis620_thai_ci' NOT NULL,
  `create_datetime` DATETIME NOT NULL,
  `update_user` VARCHAR(250) CHARACTER SET tis620 COLLATE 'tis620_thai_ci' NOT NULL,
  `update_datetime` DATETIME NOT NULL,
  `version` INT(11) NOT NULL,
  PRIMARY KEY (`action_id`) USING BTREE,
  INDEX `plan_id` (`plan_id`) USING BTREE,
  INDEX `plan_id_action_date` (`plan_id`,`action_date`) USING BTREE,
  INDEX `an_action_date` (`action_date`,`an`) USING BTREE,
  INDEX `action_date_time` (`action_date`,`action_time`) USING BTREE
) ENGINE=InnoDB DEFAULT CHARSET=utf8mb4 COLLATE=utf8mb4_general_ci ROW_FORMAT=COMPACT;

CREATE TABLE IF NOT EXISTS `ipd_nurse_index_note` (
  `nurse_index_note_id` INT(11) UNSIGNED NOT NULL AUTO_INCREMENT,
  `an` VARCHAR(13) CHARACTER SET tis620 COLLATE 'tis620_thai_ci' DEFAULT NULL,
  `nurse_index_note` TEXT DEFAULT NULL,
  `create_user` VARCHAR(250) CHARACTER SET tis620 COLLATE 'tis620_thai_ci' NOT NULL,
  `create_datetime` DATETIME NOT NULL,
  `update_user` VARCHAR(250) CHARACTER SET tis620 COLLATE 'tis620_thai_ci' NOT NULL,
  `update_datetime` DATETIME NOT NULL,
  `version` INT(11) NOT NULL,
  PRIMARY KEY (`nurse_index_note_id`) USING BTREE,
  UNIQUE INDEX `an` (`an`) USING BTREE
) ENGINE=InnoDB DEFAULT CHARSET=utf8mb4 COLLATE=utf8mb4_general_ci ROW_FORMAT=COMPACT;

CREATE TABLE IF NOT EXISTS `ipd_nurse_index_plan` (
  `plan_id` INT(11) UNSIGNED NOT NULL AUTO_INCREMENT,
  `order_item_id` INT(11) UNSIGNED DEFAULT NULL,
  `an` VARCHAR(13) CHARACTER SET tis620 COLLATE 'tis620_thai_ci' NOT NULL,
  `plan_detail` TEXT DEFAULT NULL,
  `plan_date` DATE DEFAULT NULL,
  `plan_time` TIME DEFAULT NULL,
  `plan_sch_type` VARCHAR(10) DEFAULT NULL,
  `create_user` VARCHAR(250) CHARACTER SET tis620 COLLATE 'tis620_thai_ci' NOT NULL,
  `create_datetime` DATETIME NOT NULL,
  `update_user` VARCHAR(250) CHARACTER SET tis620 COLLATE 'tis620_thai_ci' NOT NULL,
  `update_datetime` DATETIME NOT NULL,
  `version` INT(11) NOT NULL,
  PRIMARY KEY (`plan_id`) USING BTREE,
  INDEX `an_plan_date` (`an`,`plan_date`) USING BTREE,
  INDEX `an` (`an`) USING BTREE,
  INDEX `order_item_id` (`order_item_id`) USING BTREE,
  INDEX `order_item_id_plan_date` (`order_item_id`,`plan_date`) USING BTREE
) ENGINE=InnoDB DEFAULT CHARSET=utf8mb4 COLLATE=utf8mb4_general_ci ROW_FORMAT=COMPACT;

CREATE TABLE IF NOT EXISTS `ipd_order` (
  `order_id` INT(11) UNSIGNED NOT NULL AUTO_INCREMENT,
  `an` VARCHAR(13) CHARACTER SET tis620 COLLATE 'tis620_thai_ci' NOT NULL,
  `order_date` DATE NOT NULL,
  `order_time` TIME NOT NULL,
  `order_doctor` VARCHAR(7) CHARACTER SET tis620 COLLATE 'tis620_thai_ci' NOT NULL,
  `order_type` VARCHAR(20) NOT NULL COMMENT 'oneday, continuous',
  `order_owner_type` VARCHAR(20) NOT NULL COMMENT 'doctor, nurse, pharmacist',
  `order_confirm` VARCHAR(1) NOT NULL,
  `nurse_order_as` VARCHAR(7) CHARACTER SET tis620 COLLATE 'tis620_thai_ci' DEFAULT NULL,
  `doctor_confirm_time` DATETIME DEFAULT NULL,
  `nurse_accept` VARCHAR(7) CHARACTER SET tis620 COLLATE 'tis620_thai_ci' DEFAULT NULL,
  `nurse_accept_time` DATETIME DEFAULT NULL,
  `pharmacist_accept` VARCHAR(7) CHARACTER SET tis620 COLLATE 'tis620_thai_ci' DEFAULT NULL,
  `pharmacist_accept_time` DATETIME DEFAULT NULL,
  `pharmacist_check` VARCHAR(7) CHARACTER SET tis620 COLLATE 'tis620_thai_ci' DEFAULT NULL,
  `pharmacist_check_time` DATETIME DEFAULT NULL,
  `pharmacist_done` VARCHAR(7) CHARACTER SET tis620 COLLATE 'tis620_thai_ci' DEFAULT NULL,
  `pharmacist_done_time` DATETIME DEFAULT NULL,
  `pharmacist_order_status` VARCHAR(20) DEFAULT NULL,
  `pre_order_id` INT(11) UNSIGNED DEFAULT NULL,
  `pre_order_date` DATE DEFAULT NULL,
  `pre_order_time` TIME DEFAULT NULL,
  `create_user` VARCHAR(250) CHARACTER SET tis620 COLLATE 'tis620_thai_ci' NOT NULL,
  `create_datetime` DATETIME NOT NULL,
  `update_user` VARCHAR(250) CHARACTER SET tis620 COLLATE 'tis620_thai_ci' NOT NULL,
  `update_datetime` DATETIME NOT NULL,
  `version` INT(11) NOT NULL,
  PRIMARY KEY (`order_id`) USING BTREE,
  INDEX `an` (`an`) USING BTREE,
  INDEX `order_date` (`order_date`) USING BTREE,
  INDEX `an_order_date` (`an`,`order_date`) USING BTREE,
  INDEX `order_confirm` (`order_confirm`) USING BTREE
) ENGINE=InnoDB DEFAULT CHARSET=utf8mb4 COLLATE=utf8mb4_general_ci ROW_FORMAT=COMPACT;

CREATE TABLE IF NOT EXISTS `ipd_order_item` (
  `order_item_id` INT(11) UNSIGNED NOT NULL AUTO_INCREMENT,
  `an` VARCHAR(13) CHARACTER SET tis620 COLLATE 'tis620_thai_ci' DEFAULT NULL,
  `order_id` INT(11) UNSIGNED DEFAULT NULL,
  `order_item_type` VARCHAR(20) DEFAULT NULL,
  `order_item_detail` TEXT DEFAULT NULL,
  `stat` VARCHAR(1) DEFAULT NULL,
  `off_order_item_id` INT(11) UNSIGNED DEFAULT NULL,
  `icode` VARCHAR(7) CHARACTER SET tis620 COLLATE 'tis620_thai_ci' DEFAULT NULL,
  `med_reconciliation_item_id` INT(11) UNSIGNED DEFAULT NULL,
  `nurse_assign` VARCHAR(20) DEFAULT NULL,
	`first_qty` INT(11) DEFAULT NULL,
	`qty` INT(11) DEFAULT NULL,
  `due_doctor` VARCHAR(1) DEFAULT NULL,
  `due_doctor_note` TEXT DEFAULT NULL,
  `due_pharm` VARCHAR(1) DEFAULT NULL,
  `due_pharm_note` TEXT DEFAULT NULL,
  `create_user` VARCHAR(250) CHARACTER SET tis620 COLLATE 'tis620_thai_ci' NOT NULL,
  `create_datetime` DATETIME NOT NULL,
  `update_user` VARCHAR(250) CHARACTER SET tis620 COLLATE 'tis620_thai_ci' NOT NULL,
  `update_datetime` DATETIME NOT NULL,
  `version` INT(11) NOT NULL,
  PRIMARY KEY (`order_item_id`) USING BTREE,
  INDEX `an` (`an`) USING BTREE,
  INDEX `order_id` (`order_id`) USING BTREE,
  INDEX `off_order_item_id` (`off_order_item_id`) USING BTREE,
  INDEX `order_id_order_item_type` (`order_id`,`order_item_type`) USING BTREE,
  INDEX `an_off_order_item_id` (`an`,`off_order_item_id`) USING BTREE,
  INDEX `stat` (`stat`) USING BTREE
) ENGINE=InnoDB DEFAULT CHARSET=utf8mb4 COLLATE=utf8mb4_general_ci ROW_FORMAT=COMPACT;

CREATE TABLE IF NOT EXISTS `ipd_order_item_type` (
  `order_type` VARCHAR(20) NOT NULL DEFAULT '',
  `order_item_type` VARCHAR(20) NOT NULL,
  `order_item_type_name` VARCHAR(20) NOT NULL,
  `display_order` INT(11) DEFAULT NULL,
  PRIMARY KEY (`order_type`,`order_item_type`) USING BTREE
) ENGINE=MyISAM DEFAULT CHARSET=utf8mb4 COLLATE=utf8mb4_general_ci ROW_FORMAT=DYNAMIC;

INSERT INTO `ipd_order_item_type` (`order_type`, `order_item_type`, `order_item_type_name`, `display_order`) VALUES
	('oneday', 'note', 'Note', 1),
	('oneday', 'off', 'Off', 2),
	('oneday', 'lab', 'Lab', 3),
	('oneday', 'xray', 'X-Ray', 4),
	('oneday', 'ivfluid', 'IV Fluid', 5),
  ('oneday', 'serial', 'Serial', 6),
	('oneday', 'record', 'Record', 7),
  ('oneday', 'injection', 'Injection', 8),
	('oneday', 'med', 'Med', 9),
	('oneday', 'retain', 'Retain', 10),
	('oneday', 'other', 'Other', 11),
	('oneday', 'discharge', 'Discharge', 12),
	('oneday', 'home-medication', 'Home Medication', 13),
  ('continuous', 'off', 'Off', 1),
	('continuous', 'food', 'Food', 2),
	('continuous', 'activity', 'Activity', 3),
  ('continuous', 'serial', 'Serial', 4),
  ('continuous', 'record', 'Record', 5),
  ('continuous', 'injection', 'Injection', 6),
	('continuous', 'med', 'Med', 7),
	('continuous', 'other', 'Other', 8);

CREATE TABLE IF NOT EXISTS `ipd_pre_order` (
  `order_id` INT(11) UNSIGNED NOT NULL AUTO_INCREMENT,
  `pre_order_master_id` INT(11) UNSIGNED NOT NULL,
  `order_date` DATE NOT NULL,
  `order_time` TIME NOT NULL,
  `order_doctor` VARCHAR(7) CHARACTER SET tis620 COLLATE 'tis620_thai_ci' NOT NULL,
  `order_type` VARCHAR(20) NOT NULL COMMENT 'oneday, continuous',
  `order_owner_type` VARCHAR(20) NOT NULL COMMENT 'doctor, nurse, pharmacist',
  `order_confirm` VARCHAR(1) NOT NULL,
  `nurse_accept` VARCHAR(7) CHARACTER SET tis620 COLLATE 'tis620_thai_ci' DEFAULT NULL,
  `nurse_accept_time` DATETIME DEFAULT NULL,
  `pharmacist_accept` VARCHAR(7) CHARACTER SET tis620 COLLATE 'tis620_thai_ci' DEFAULT NULL,
  `pharmacist_accept_time` DATETIME DEFAULT NULL,
  `pharmacist_check` VARCHAR(7) CHARACTER SET tis620 COLLATE 'tis620_thai_ci' DEFAULT NULL,
  `pharmacist_check_time` DATETIME DEFAULT NULL,
  `pharmacist_done` VARCHAR(7) CHARACTER SET tis620 COLLATE 'tis620_thai_ci' DEFAULT NULL,
  `pharmacist_done_time` DATETIME DEFAULT NULL,
  `pharmacist_order_status` VARCHAR(20) DEFAULT NULL,
  `create_user` VARCHAR(250) CHARACTER SET tis620 COLLATE 'tis620_thai_ci' NOT NULL,
  `create_datetime` DATETIME NOT NULL,
  `update_user` VARCHAR(250) CHARACTER SET tis620 COLLATE 'tis620_thai_ci' NOT NULL,
  `update_datetime` DATETIME NOT NULL,
  `version` INT(11) NOT NULL,
  PRIMARY KEY (`order_id`) USING BTREE,
  INDEX `order_date` (`order_date`) USING BTREE,
  INDEX `pre_order_master_id` (`pre_order_master_id`) USING BTREE
) ENGINE=InnoDB DEFAULT CHARSET=utf8mb4 COLLATE=utf8mb4_general_ci ROW_FORMAT=COMPACT;

CREATE TABLE IF NOT EXISTS `ipd_pre_order_item` (
  `order_item_id` INT(11) UNSIGNED NOT NULL AUTO_INCREMENT,
  `pre_order_master_id` INT(11) UNSIGNED NOT NULL,
  `order_id` INT(11) UNSIGNED DEFAULT NULL,
  `order_item_type` VARCHAR(20) DEFAULT NULL,
  `order_item_detail` TEXT DEFAULT NULL,
  `stat` VARCHAR(1) DEFAULT NULL,
  `off_order_item_id` INT(11) UNSIGNED DEFAULT NULL,
  `icode` VARCHAR(7) CHARACTER SET tis620 COLLATE 'tis620_thai_ci' DEFAULT NULL,
  `create_user` VARCHAR(250) CHARACTER SET tis620 COLLATE 'tis620_thai_ci' NOT NULL,
  `create_datetime` DATETIME NOT NULL,
  `update_user` VARCHAR(250) CHARACTER SET tis620 COLLATE 'tis620_thai_ci' NOT NULL,
  `update_datetime` DATETIME NOT NULL,
  `version` INT(11) NOT NULL,
  PRIMARY KEY (`order_item_id`) USING BTREE,
  INDEX `order_id` (`order_id`) USING BTREE,
  INDEX `pre_order_master_id` (`pre_order_master_id`) USING BTREE,
  INDEX `off_order_item_id` (`off_order_item_id`) USING BTREE,
  INDEX `order_id_order_item_type` (`order_id`,`order_item_type`) USING BTREE
) ENGINE=InnoDB DEFAULT CHARSET=utf8mb4 COLLATE=utf8mb4_general_ci ROW_FORMAT=COMPACT;

CREATE TABLE IF NOT EXISTS `ipd_pre_admit_master` (
  `pre_admit_master_id` INT(11) UNSIGNED NOT NULL AUTO_INCREMENT,
  `vn` VARCHAR(13) CHARACTER SET tis620 COLLATE 'tis620_thai_ci' NOT NULL,
  `an` VARCHAR(13) CHARACTER SET tis620 COLLATE 'tis620_thai_ci' DEFAULT NULL,
  `prev_an` VARCHAR(13) CHARACTER SET tis620 COLLATE 'tis620_thai_ci' DEFAULT NULL,
  `create_user` VARCHAR(250) CHARACTER SET tis620 COLLATE 'tis620_thai_ci' NOT NULL,
  `create_datetime` DATETIME NOT NULL,
  `update_user` VARCHAR(250) CHARACTER SET tis620 COLLATE 'tis620_thai_ci' NOT NULL,
  `update_datetime` DATETIME NOT NULL,
  `version` INT(11) NOT NULL,
  PRIMARY KEY (`pre_admit_master_id`) USING BTREE,
  UNIQUE INDEX `vn` (`vn`) USING BTREE
) ENGINE=InnoDB DEFAULT CHARSET=utf8mb4 COLLATE=utf8mb4_general_ci ROW_FORMAT=COMPACT;

CREATE TABLE IF NOT EXISTS `ipd_pre_order_master` (
  `pre_order_master_id` INT(11) UNSIGNED NOT NULL AUTO_INCREMENT,
  `pre_order_type` VARCHAR(20) NOT NULL COMMENT 'appointment, opd, er',
  `order_date` DATE DEFAULT NULL,
  `order_time` TIME DEFAULT NULL,
  `order_for_date` DATE DEFAULT NULL,
  `order_for_time` TIME DEFAULT NULL,
  `order_doctor` VARCHAR(7) CHARACTER SET tis620 COLLATE 'tis620_thai_ci' NOT NULL,
  `hn` VARCHAR(9) CHARACTER SET tis620 COLLATE 'tis620_thai_ci' DEFAULT NULL,
  `template_name` VARCHAR(255) DEFAULT NULL,
  `shared_template` VARCHAR(1) DEFAULT NULL,
  `used` VARCHAR(1) DEFAULT NULL,
  `create_user` VARCHAR(250) CHARACTER SET tis620 COLLATE 'tis620_thai_ci' NOT NULL,
  `create_datetime` DATETIME NOT NULL,
  `update_user` VARCHAR(250) CHARACTER SET tis620 COLLATE 'tis620_thai_ci' NOT NULL,
  `update_datetime` DATETIME NOT NULL,
  `version` INT(11) NOT NULL,
  PRIMARY KEY (`pre_order_master_id`) USING BTREE,
  INDEX `order_date` (`order_date`) USING BTREE,
  INDEX `hn` (`hn`) USING BTREE,
  INDEX `hn_order_date` (`hn`,`order_date`) USING BTREE
) ENGINE=InnoDB DEFAULT CHARSET=utf8mb4 COLLATE=utf8mb4_general_ci ROW_FORMAT=COMPACT;

CREATE TABLE IF NOT EXISTS `ipd_pre_order_progress_note` (
  `progress_note_id` INT(11) UNSIGNED NOT NULL AUTO_INCREMENT,
  `pre_order_master_id` INT(11) UNSIGNED NOT NULL,
  `progress_note_date` DATE NOT NULL,
  `progress_note_time` TIME NOT NULL,
  `progress_note_owner_type` VARCHAR(20) NOT NULL COMMENT 'doctor, nurse, pharmacist',
  `progress_note_doctor` VARCHAR(7) CHARACTER SET tis620 COLLATE 'tis620_thai_ci' NOT NULL,
  `create_user` VARCHAR(250) CHARACTER SET tis620 COLLATE 'tis620_thai_ci' NOT NULL,
  `create_datetime` DATETIME NOT NULL,
  `update_user` VARCHAR(250) CHARACTER SET tis620 COLLATE 'tis620_thai_ci' NOT NULL,
  `update_datetime` DATETIME NOT NULL,
  `version` INT(11) NOT NULL,
  PRIMARY KEY (`progress_note_id`) USING BTREE,
  INDEX `progress_note_date` (`progress_note_date`) USING BTREE,
  INDEX `pre_order_master_id` (`pre_order_master_id`) USING BTREE
) ENGINE=InnoDB DEFAULT CHARSET=utf8mb4 COLLATE=utf8mb4_general_ci ROW_FORMAT=COMPACT;

CREATE TABLE IF NOT EXISTS `ipd_pre_order_progress_note_item` (
  `progress_note_item_id` INT(11) UNSIGNED NOT NULL AUTO_INCREMENT,
  `progress_note_id` INT(11) UNSIGNED DEFAULT NULL,
  `pre_order_master_id` INT(11) UNSIGNED DEFAULT NULL,
  `progress_note_item_type` VARCHAR(20) DEFAULT NULL,
  `progress_note_item_detail` TEXT DEFAULT NULL,
  `progress_note_item_detail_2` TEXT DEFAULT NULL,
  `create_user` VARCHAR(250) CHARACTER SET tis620 COLLATE 'tis620_thai_ci' NOT NULL,
  `create_datetime` DATETIME NOT NULL,
  `update_user` VARCHAR(250) CHARACTER SET tis620 COLLATE 'tis620_thai_ci' NOT NULL,
  `update_datetime` DATETIME NOT NULL,
  `version` INT(11) NOT NULL,
  PRIMARY KEY (`progress_note_item_id`) USING BTREE,
  INDEX `progress_note_id` (`progress_note_id`) USING BTREE
) ENGINE=InnoDB DEFAULT CHARSET=utf8mb4 COLLATE=utf8mb4_general_ci ROW_FORMAT=COMPACT;

CREATE TABLE IF NOT EXISTS `ipd_progress_note` (
  `progress_note_id` INT(11) UNSIGNED NOT NULL AUTO_INCREMENT,
  `an` VARCHAR(13) CHARACTER SET tis620 COLLATE 'tis620_thai_ci' NOT NULL,
  `progress_note_date` DATE NOT NULL,
  `progress_note_time` TIME NOT NULL,
  `progress_note_owner_type` VARCHAR(20) NOT NULL COMMENT 'doctor, nurse, pharmacist',
  `progress_note_doctor` VARCHAR(7) CHARACTER SET tis620 COLLATE 'tis620_thai_ci' NOT NULL,
  `progress_note_enter_datetime` DATETIME DEFAULT NULL,
  `pre_order_progress_note_id` INT(11) UNSIGNED DEFAULT NULL,
  `pre_order_progress_note_date` DATE DEFAULT NULL,
  `pre_order_progress_note_time` TIME DEFAULT NULL,
  `create_user` VARCHAR(250) CHARACTER SET tis620 COLLATE 'tis620_thai_ci' NOT NULL,
  `create_datetime` DATETIME NOT NULL,
  `update_user` VARCHAR(250) CHARACTER SET tis620 COLLATE 'tis620_thai_ci' NOT NULL,
  `update_datetime` DATETIME NOT NULL,
  `version` INT(11) NOT NULL,
  PRIMARY KEY (`progress_note_id`) USING BTREE,
  INDEX `an` (`an`) USING BTREE,
  INDEX `progress_note_date` (`progress_note_date`) USING BTREE,
  INDEX `an_progress_note_date` (`an`,`progress_note_date`) USING BTREE
) ENGINE=InnoDB DEFAULT CHARSET=utf8mb4 COLLATE=utf8mb4_general_ci ROW_FORMAT=COMPACT;

CREATE TABLE IF NOT EXISTS `ipd_progress_note_item` (
  `progress_note_item_id` INT(11) UNSIGNED NOT NULL AUTO_INCREMENT,
  `progress_note_id` INT(11) UNSIGNED DEFAULT NULL,
  `an` VARCHAR(13) CHARACTER SET tis620 COLLATE 'tis620_thai_ci' DEFAULT NULL,
  `progress_note_item_type` VARCHAR(20) DEFAULT NULL,
  `progress_note_item_detail` TEXT DEFAULT NULL,
  `progress_note_item_detail_2` TEXT DEFAULT NULL,
  `create_user` VARCHAR(250) CHARACTER SET tis620 COLLATE 'tis620_thai_ci' NOT NULL,
  `create_datetime` DATETIME NOT NULL,
  `update_user` VARCHAR(250) CHARACTER SET tis620 COLLATE 'tis620_thai_ci' NOT NULL,
  `update_datetime` DATETIME NOT NULL,
  `version` INT(11) NOT NULL,
  PRIMARY KEY (`progress_note_item_id`) USING BTREE,
  INDEX `an` (`an`) USING BTREE,
  INDEX `progress_note_id` (`progress_note_id`) USING BTREE
) ENGINE=InnoDB DEFAULT CHARSET=utf8mb4 COLLATE=utf8mb4_general_ci ROW_FORMAT=COMPACT;

CREATE TABLE IF NOT EXISTS `ipd_progress_note_item_type` (
  `progress_note_item_type` VARCHAR(20) NOT NULL,
  `progress_note_item_type_name` VARCHAR(20) NOT NULL,
  `display_order` INT(11) DEFAULT NULL,
  PRIMARY KEY (`progress_note_item_type`) USING BTREE
) ENGINE=MyISAM DEFAULT CHARSET=utf8mb4 COLLATE=utf8mb4_general_ci ROW_FORMAT=DYNAMIC;

INSERT INTO `ipd_progress_note_item_type` (`progress_note_item_type`, `progress_note_item_type_name`, `display_order`) VALUES
	('problem-list', 'Problem List', 1),
	('note', 'Note', 2),
	('subjective', 'Subjective', 3),
	('objective', 'Objective', 4),
	('assessment', 'Assessment', 5),
	('plan', 'Plan', 6);

CREATE TABLE IF NOT EXISTS `ipd_summary` (
  `summary_id` INT(11) UNSIGNED NOT NULL AUTO_INCREMENT,
  `summary_plan_date` DATE NOT NULL,
  `summary_plan_time` TIME NOT NULL,
  `principal_diagnosis` TEXT DEFAULT NULL,
  `pre_admission_comorbidity` TEXT DEFAULT NULL,
  `post_admission_comorbidity` TEXT DEFAULT NULL,
  `other_diagnosis` TEXT DEFAULT NULL,
  `external_cause` TEXT DEFAULT NULL,
  `operating_room` TEXT DEFAULT NULL,
  `tracheostomy` VARCHAR(1) DEFAULT NULL,
  `mechanical_ventilation` VARCHAR(1) DEFAULT NULL,
  `mechanical_ventilation1` VARCHAR(1) DEFAULT NULL,
  `mechanical_ventilation2` VARCHAR(1) DEFAULT NULL,
  `packed_redcells` VARCHAR(1) DEFAULT NULL,
  `fresh_frozen_plasma` VARCHAR(1) DEFAULT NULL,
  `platelets` VARCHAR(1) DEFAULT NULL,
  `cryoprecipitate` VARCHAR(1) DEFAULT NULL,
  `whole_blood` VARCHAR(1) DEFAULT NULL,
  `computer_tomography` VARCHAR(1) DEFAULT NULL,
  `computer_tomography_text` VARCHAR(255) DEFAULT NULL,
  `chemotherapy` VARCHAR(1) DEFAULT NULL,
  `mri` VARCHAR(1) DEFAULT NULL,
  `hemodialysis` VARCHAR(1) DEFAULT NULL,
  `non_or_other` VARCHAR(1) DEFAULT NULL,
  `non_or_other_text` VARCHAR(255) DEFAULT NULL,
  `discharge_status` VARCHAR(2) DEFAULT NULL,
  `discharge_type` VARCHAR(2) DEFAULT NULL,
  `hospital_refer` VARCHAR(500) DEFAULT NULL,
  `hn` VARCHAR(9) CHARACTER SET tis620 COLLATE 'tis620_thai_ci' NOT NULL,
  `an` VARCHAR(13) CHARACTER SET tis620 COLLATE 'tis620_thai_ci' NOT NULL,
  `create_user` VARCHAR(250) CHARACTER SET tis620 COLLATE 'tis620_thai_ci' NOT NULL,
  `create_datetime` DATETIME NOT NULL,
  `update_user` VARCHAR(250) CHARACTER SET tis620 COLLATE 'tis620_thai_ci' NOT NULL,
  `update_datetime` DATETIME NOT NULL,
  `version` INT(11) NOT NULL,
  `summary_doctor_code` VARCHAR(7) DEFAULT NULL,
  PRIMARY KEY (`summary_id`) USING BTREE,
  UNIQUE INDEX `an` (`an`) USING BTREE
) ENGINE=InnoDB DEFAULT CHARSET=utf8mb4 COLLATE=utf8mb4_general_ci ROW_FORMAT=COMPACT;

CREATE TABLE IF NOT EXISTS `ipd_summary_2` (
  `summary_id` INT(11) UNSIGNED NOT NULL AUTO_INCREMENT,
  `an` VARCHAR(13) CHARACTER SET tis620 COLLATE 'tis620_thai_ci' NOT NULL,
  `principal_diagnosis` TEXT DEFAULT NULL,
  `principal_diagnosis_icd10` VARCHAR(7) CHARACTER SET tis620 COLLATE 'tis620_thai_ci' DEFAULT NULL,
  `operating_room` TEXT DEFAULT NULL,
  `tracheostomy` VARCHAR(1) DEFAULT NULL,
  `mechanical_ventilation` VARCHAR(1) DEFAULT NULL,
  `packed_redcells` VARCHAR(1) DEFAULT NULL,
  `fresh_frozen_plasma` VARCHAR(1) DEFAULT NULL,
  `platelets` VARCHAR(1) DEFAULT NULL,
  `cryoprecipitate` VARCHAR(1) DEFAULT NULL,
  `whole_blood` VARCHAR(1) DEFAULT NULL,
  `computer_tomography` VARCHAR(1) DEFAULT NULL,
  `computer_tomography_text` TEXT DEFAULT NULL,
  `chemotherapy` VARCHAR(1) DEFAULT NULL,
  `mri` VARCHAR(1) DEFAULT NULL,
  `mri_text` TEXT DEFAULT NULL,
  `hemodialysis` VARCHAR(1) DEFAULT NULL,
  `non_or_other` VARCHAR(1) DEFAULT NULL,
  `non_or_other_text` TEXT DEFAULT NULL,
  `special_other` VARCHAR(1) DEFAULT NULL,
  `special_other_text` TEXT DEFAULT NULL,
  `discharge_status` VARCHAR(2) DEFAULT NULL,
  `discharge_type` VARCHAR(2) DEFAULT NULL,
  `hospital_refer` VARCHAR(9) CHARACTER SET tis620 COLLATE 'tis620_thai_ci' DEFAULT NULL,
  `coder_name` VARCHAR(50) DEFAULT NULL,
  `principal_diagnosis_code` VARCHAR(7) DEFAULT NULL,
  `pre_admission_comorbidity_codes` TEXT DEFAULT NULL,
  `post_admission_comorbidity_codes` TEXT DEFAULT NULL,
  `other_diagnosis_codes` TEXT DEFAULT NULL,
  `external_cause_codes` TEXT DEFAULT NULL,
  `main_procedure_code` VARCHAR(7) DEFAULT NULL,
  `other_procedure_codes` TEXT DEFAULT NULL,
  `status` VARCHAR(7) DEFAULT NULL,
  `create_user` VARCHAR(250) CHARACTER SET tis620 COLLATE 'tis620_thai_ci' NOT NULL,
  `create_datetime` DATETIME NOT NULL,
  `update_user` VARCHAR(250) CHARACTER SET tis620 COLLATE 'tis620_thai_ci' NOT NULL,
  `update_datetime` DATETIME NOT NULL,
  `version` INT(11) NOT NULL,
  `summary_doctor_code` VARCHAR(7) DEFAULT NULL,
  PRIMARY KEY (`summary_id`) USING BTREE,
  UNIQUE INDEX `an` (`an`) USING BTREE,
  INDEX `status` (`status`) USING BTREE
) ENGINE=InnoDB DEFAULT CHARSET=utf8mb4 COLLATE=utf8mb4_general_ci ROW_FORMAT=DYNAMIC;

CREATE TABLE IF NOT EXISTS `ipd_summary_approve_doctor` (
  `summary_id` INT(11) UNSIGNED NOT NULL,
  `summary_approve_doctor` VARCHAR(15) CHARACTER SET tis620 COLLATE 'tis620_thai_ci' NOT NULL DEFAULT '',
  `create_user` VARCHAR(250) CHARACTER SET tis620 COLLATE 'tis620_thai_ci' NOT NULL,
  `create_datetime` DATETIME NOT NULL,
  `update_user` VARCHAR(250) CHARACTER SET tis620 COLLATE 'tis620_thai_ci' NOT NULL,
  `update_datetime` DATETIME NOT NULL,
  `version` INT(11) NOT NULL,
  PRIMARY KEY (`summary_id`,`summary_approve_doctor`) USING BTREE
) ENGINE=InnoDB DEFAULT CHARSET=utf8mb4 COLLATE=utf8mb4_general_ci ROW_FORMAT=COMPACT;

CREATE TABLE IF NOT EXISTS `ipd_summary_attending_doctor` (
  `summary_id` INT(11) UNSIGNED NOT NULL,
  `summary_attending_doctor` VARCHAR(15) CHARACTER SET tis620 COLLATE 'tis620_thai_ci' NOT NULL DEFAULT '',
  `create_user` VARCHAR(250) CHARACTER SET tis620 COLLATE 'tis620_thai_ci' NOT NULL,
  `create_datetime` DATETIME NOT NULL,
  `update_user` VARCHAR(250) CHARACTER SET tis620 COLLATE 'tis620_thai_ci' NOT NULL,
  `update_datetime` DATETIME NOT NULL,
  `version` INT(11) NOT NULL,
  PRIMARY KEY (`summary_id`,`summary_attending_doctor`) USING BTREE
) ENGINE=InnoDB DEFAULT CHARSET=utf8mb4 COLLATE=utf8mb4_general_ci ROW_FORMAT=COMPACT;

CREATE TABLE IF NOT EXISTS `ipd_summary_dx` (
  `id` INT(11) UNSIGNED NOT NULL AUTO_INCREMENT,
  `sort_index` INT(11) UNSIGNED NOT NULL DEFAULT 0,
  `dx_text` VARCHAR(1000) CHARACTER SET utf8mb3 COLLATE utf8mb3_general_ci NOT NULL DEFAULT '',
  `keyword` VARCHAR(1000) CHARACTER SET utf8mb3 COLLATE utf8mb3_general_ci NOT NULL DEFAULT '',
  `nickname` VARCHAR(1000) CHARACTER SET utf8mb3 COLLATE utf8mb3_general_ci NOT NULL DEFAULT '',
  `icd10` VARCHAR(10) CHARACTER SET utf8mb3 COLLATE utf8mb3_general_ci NOT NULL DEFAULT '',
  `icd10_hosxp` VARCHAR(10) CHARACTER SET tis620 COLLATE 'tis620_thai_ci' NOT NULL DEFAULT '',
  PRIMARY KEY (`id`) USING BTREE,
  INDEX `sort_index` (`sort_index`) USING BTREE,
  INDEX `icd10` (`icd10`,`id`) USING BTREE
) ENGINE=InnoDB DEFAULT CHARSET=utf8mb4 COLLATE=utf8mb4_general_ci ROW_FORMAT=COMPACT;

CREATE TABLE IF NOT EXISTS `ipd_summary_external_cause` (
  `external_cause_id` INT(11) UNSIGNED NOT NULL AUTO_INCREMENT,
  `summary_id` INT(11) UNSIGNED NOT NULL,
  `external_cause_detail` TEXT DEFAULT NULL,
  `external_cause_icd10` VARCHAR(7) CHARACTER SET tis620 COLLATE 'tis620_thai_ci' DEFAULT NULL,
  `create_user` VARCHAR(250) CHARACTER SET tis620 COLLATE 'tis620_thai_ci' NOT NULL,
  `create_datetime` DATETIME NOT NULL,
  `update_user` VARCHAR(250) CHARACTER SET tis620 COLLATE 'tis620_thai_ci' NOT NULL,
  `update_datetime` DATETIME NOT NULL,
  `version` INT(11) NOT NULL,
  PRIMARY KEY (`external_cause_id`) USING BTREE
) ENGINE=InnoDB AUTO_INCREMENT=17 DEFAULT CHARSET=utf8mb4 COLLATE=utf8mb4_general_ci ROW_FORMAT=COMPACT;

CREATE TABLE IF NOT EXISTS `ipd_summary_other_diagnosis` (
  `other_diagnosis_id` INT(11) UNSIGNED NOT NULL AUTO_INCREMENT,
  `summary_id` INT(11) UNSIGNED NOT NULL,
  `other_diagnosis_detail` TEXT DEFAULT NULL,
  `other_diagnosis_icd10` VARCHAR(7) CHARACTER SET tis620 COLLATE 'tis620_thai_ci' DEFAULT NULL,
  `create_user` VARCHAR(250) CHARACTER SET tis620 COLLATE 'tis620_thai_ci' NOT NULL,
  `create_datetime` DATETIME NOT NULL,
  `update_user` VARCHAR(250) CHARACTER SET tis620 COLLATE 'tis620_thai_ci' NOT NULL,
  `update_datetime` DATETIME NOT NULL,
  `version` INT(11) NOT NULL,
  PRIMARY KEY (`other_diagnosis_id`) USING BTREE
) ENGINE=InnoDB DEFAULT CHARSET=utf8mb4 COLLATE=utf8mb4_general_ci ROW_FORMAT=COMPACT;

CREATE TABLE IF NOT EXISTS `ipd_summary_post_admission_comorbidity` (
  `post_admission_comorbidity_id` INT(11) UNSIGNED NOT NULL AUTO_INCREMENT,
  `summary_id` INT(11) UNSIGNED NOT NULL,
  `post_admission_comorbidity_detail` TEXT DEFAULT NULL,
  `post_admission_comorbidity_icd10` VARCHAR(7) CHARACTER SET tis620 COLLATE 'tis620_thai_ci' DEFAULT NULL,
  `create_user` VARCHAR(250) CHARACTER SET tis620 COLLATE 'tis620_thai_ci' NOT NULL,
  `create_datetime` DATETIME NOT NULL,
  `update_user` VARCHAR(250) CHARACTER SET tis620 COLLATE 'tis620_thai_ci' NOT NULL,
  `update_datetime` DATETIME NOT NULL,
  `version` INT(11) NOT NULL,
  PRIMARY KEY (`post_admission_comorbidity_id`) USING BTREE
) ENGINE=InnoDB DEFAULT CHARSET=utf8mb4 COLLATE=utf8mb4_general_ci ROW_FORMAT=COMPACT;

CREATE TABLE IF NOT EXISTS `ipd_summary_pre_admission_comorbidity` (
  `pre_admission_comorbidity_id` INT(11) UNSIGNED NOT NULL AUTO_INCREMENT,
  `summary_id` INT(11) UNSIGNED NOT NULL,
  `pre_admission_comorbidity_detail` TEXT DEFAULT NULL,
  `pre_admission_comorbidity_icd10` VARCHAR(7) CHARACTER SET tis620 COLLATE 'tis620_thai_ci' DEFAULT NULL,
  `create_user` VARCHAR(250) CHARACTER SET tis620 COLLATE 'tis620_thai_ci' NOT NULL,
  `create_datetime` DATETIME NOT NULL,
  `update_user` VARCHAR(250) CHARACTER SET tis620 COLLATE 'tis620_thai_ci' NOT NULL,
  `update_datetime` DATETIME NOT NULL,
  `version` INT(11) NOT NULL,
  PRIMARY KEY (`pre_admission_comorbidity_id`) USING BTREE
) ENGINE=InnoDB DEFAULT CHARSET=utf8mb4 COLLATE=utf8mb4_general_ci ROW_FORMAT=COMPACT;

CREATE TABLE IF NOT EXISTS `ipd_summary_note` (
  `summary_note_id` INT(11) UNSIGNED NOT NULL AUTO_INCREMENT,
  `summary_id` INT(11) UNSIGNED NOT NULL,
  `note` TEXT DEFAULT NULL,
  `doctor` VARCHAR(7) CHARACTER SET tis620 COLLATE 'tis620_thai_ci' NOT NULL,
  `create_user` VARCHAR(250) CHARACTER SET tis620 COLLATE 'tis620_thai_ci' NOT NULL,
  `create_datetime` DATETIME NOT NULL,
  `update_user` VARCHAR(250) CHARACTER SET tis620 COLLATE 'tis620_thai_ci' NOT NULL,
  `update_datetime` DATETIME NOT NULL,
  `version` INT(11) NOT NULL,
  PRIMARY KEY (`summary_note_id`) USING BTREE
) ENGINE=InnoDB DEFAULT CHARSET=utf8mb4 COLLATE=utf8mb4_general_ci ROW_FORMAT=COMPACT;

CREATE TABLE IF NOT EXISTS `ipd_tmp_dlc` (
  `dlc_id` INT(11) UNSIGNED NOT NULL AUTO_INCREMENT,
  `dlc_name` TEXT NOT NULL,
  `dlc_order` INT(11) UNSIGNED DEFAULT NULL,
  `version` INT(4) DEFAULT NULL,
  `create_user` VARCHAR(250) CHARACTER SET tis620 COLLATE 'tis620_thai_ci' DEFAULT NULL,
  `create_datetime` DATETIME DEFAULT NULL,
  `update_user` VARCHAR(250) CHARACTER SET tis620 COLLATE 'tis620_thai_ci' DEFAULT NULL,
  `update_datetime` DATETIME DEFAULT NULL,
  PRIMARY KEY (`dlc_id`) USING BTREE
) ENGINE=InnoDB AUTO_INCREMENT=36 DEFAULT CHARSET=utf8mb4 COLLATE=utf8mb4_general_ci ROW_FORMAT=DYNAMIC;

INSERT INTO `ipd_tmp_dlc` (`dlc_id`, `dlc_name`, `dlc_order`, `version`, `create_user`, `create_datetime`, `update_user`, `update_datetime`) VALUES
	(1, 'ตรวจเยี่ยมอาการอย่างน้อยทุก 1-2 ชั่วโมง', 1, 1, 'cha582', '2022-03-19 12:26:57', 'cha582', '2022-03-19 12:26:57'),
	(2, 'ตรวจเยี่ยมอาการอย่างน้อยทุก 2-4 ชั่วโมง', 2, 1, 'cha582', '2022-03-19 12:26:57', 'cha582', '2022-03-19 12:26:57'),
	(3, 'ประเมินสัญญาณชีพ', 3, 1, 'cha582', '2022-03-19 12:26:57', 'cha582', '2022-03-19 12:26:57'),
	(4, 'บันทึกและติดตามคลื่นไฟฟ้าหัวใจ', 4, 1, 'cha582', '2022-03-19 12:26:57', 'cha582', '2022-03-19 12:26:57'),
	(5, 'ป้องกันการเกิดอุบัติเหตุ : Fall', 5, 1, 'cha582', '2022-03-19 12:26:57', 'cha582', '2022-03-19 12:26:57'),
	(6, 'ดูแลให้ยาตามแผนการรักษาและเฝ้าระวังภาวะแทรกซ้อนจากการให้ยา', 6, 1, 'cha582', '2022-03-19 12:26:57', 'cha582', '2022-03-19 12:26:57'),
	(7, 'ดูแลให้ได้รับสารน้ำตามแผนการรักษาและเฝ้าระวังการเกิด Phlebitis', 7, 1, 'cha582', '2022-03-19 12:26:57', 'cha582', '2022-03-19 12:26:57'),
	(8, 'ดูแล On lock ตามแผนการรักษาและเฝ้าระวังการเกิด Phlebitis', 8, 1, 'cha582', '2022-03-19 12:26:57', 'cha582', '2022-03-19 12:26:57'),
	(9, 'care central line และเฝ้าระวัง sign infection', 9, 1, 'cha582', '2022-03-19 12:26:57', 'cha582', '2022-03-19 12:26:57'),
	(10, 'care A-line และเฝ้าระวัง sign infection', 10, 1, 'cha582', '2022-03-19 12:26:57', 'cha582', '2022-03-19 12:26:57'),
	(11, 'ดูแลการทำงานของเครื่องช่วยหายใจให้ทำงานอย่างมีประสิทธิภาพ', 11, 1, 'cha582', '2022-03-19 12:26:57', 'cha582', '2022-03-19 12:26:57'),
	(12, 'เฝ้าระวังการเกิดท่อช่วยหายใจเลื่อนหลุดตาม CPG', 12, 1, 'cha582', '2022-03-19 12:26:57', 'cha582', '2022-03-19 12:26:57'),
	(13, 'ประเมินและบันทึกลักษณะ/ปริมาณ เสมหะ', 13, 1, 'cha582', '2022-03-19 12:26:57', 'cha582', '2022-03-19 12:26:57'),
	(14, 'Suction กรณีทีมีข้อบ่งชี้', 14, 1, 'cha582', '2022-03-19 12:26:57', 'cha582', '2022-03-19 12:26:57'),
	(15, 'บันทึกลักษณะแผลและทำแผลด้วยวิธี aseptic tecnique', 15, 1, 'cha582', '2022-03-19 12:26:57', 'cha582', '2022-03-19 12:26:57'),
	(16, 'จัดท่านอนให้เหมาะสม', 16, 1, 'cha582', '2022-03-19 12:26:57', 'cha582', '2022-03-19 12:26:57'),
	(17, 'พลิกตะแคงตามความจำเป็นของผู้ป่วย', 17, 1, 'cha582', '2022-03-19 12:26:57', 'cha582', '2022-03-19 12:26:57'),
	(18, 'ดูแลให้ได้รับอาหารตามแผนการรักษา', 18, 1, 'cha582', '2022-03-19 12:26:57', 'cha582', '2022-03-19 12:26:57'),
	(19, 'ดูแลให้งดน้ำและอาหารตามแผนการรักษา', 19, 1, 'cha582', '2022-03-19 12:26:57', 'cha582', '2022-03-19 12:26:57'),
	(20, 'ดูแลให้งดน้ำและอาหารยกเว้นยาตามแผนการรักษา', 20, 1, 'cha582', '2022-03-19 12:26:57', 'cha582', '2022-03-19 12:26:57'),
	(21, 'ประเมินและบันทึก I/O', 21, 1, 'cha582', '2022-03-19 12:26:57', 'cha582', '2022-03-19 12:26:57'),
	(22, 'complete bed bath', 22, 1, 'cha582', '2022-03-19 12:26:57', 'cha582', '2022-03-19 12:26:57'),
	(23, 'PM care/Mouth care', 23, 1, 'cha582', '2022-03-19 12:26:57', 'cha582', '2022-03-19 12:26:57'),
	(24, 'Bed shampoo', 24, 1, 'cha582', '2022-03-19 12:26:57', 'cha582', '2022-03-19 12:26:57'),
	(25, 'ดูแลการคาสายสวนปัสสาวะตามแผนการรักษา', 25, 1, 'cha582', '2022-03-19 12:26:57', 'cha582', '2022-03-19 12:26:57'),
	(26, 'Active exercise', 26, 1, 'cha582', '2022-03-19 12:26:57', 'cha582', '2022-03-19 12:26:57'),
	(27, 'Passive exercise', 27, 1, 'cha582', '2022-03-19 12:26:57', 'cha582', '2022-03-19 12:26:57'),
	(28, 'เฝ้าระวังการเกิดแผลกดทับตามแนวทาง CPG', 28, 1, 'cha582', '2022-03-19 12:26:57', 'cha582', '2022-03-19 12:26:57'),
	(29, 'ลดสิ่งกระตุ้น/จัดสิ่งแวดล้อมให้สงบ', 29, 1, 'cha582', '2022-03-19 12:26:57', 'cha582', '2022-03-19 12:26:57'),
	(30, 'ดูแลส่งสิ่งส่งตรวจและติดตามผลการตรวจต่างๆ', 30, 1, 'cha582', '2022-03-19 12:26:57', 'cha582', '2022-03-19 12:26:57'),
	(31, 'ให้ข้อมูลที่กระชับและเข้าใจง่าย', 31, 1, 'cha582', '2022-03-19 12:26:57', 'cha582', '2022-03-19 12:26:57');

CREATE TABLE IF NOT EXISTS `ipd_tmp_focus` (
  `focus_id` INT(11) UNSIGNED NOT NULL,
  `focus_name` TEXT DEFAULT NULL,
  `smp_id` INT(11) UNSIGNED DEFAULT NULL,
  `subgroup` INT(11) UNSIGNED DEFAULT NULL,
  `focus_order` INT(11) UNSIGNED DEFAULT NULL,
  `focus_status` VARCHAR(1) DEFAULT NULL,
  `version` INT(4) DEFAULT NULL,
  `create_user` VARCHAR(250) CHARACTER SET tis620 COLLATE 'tis620_thai_ci' DEFAULT NULL,
  `create_datetime` DATETIME DEFAULT NULL,
  `update_user` VARCHAR(250) CHARACTER SET tis620 COLLATE 'tis620_thai_ci' DEFAULT NULL,
  `update_datetime` DATETIME DEFAULT NULL,
  PRIMARY KEY (`focus_id`) USING BTREE
) ENGINE=InnoDB DEFAULT CHARSET=utf8mb4 COLLATE=utf8mb4_general_ci ROW_FORMAT=DYNAMIC;

-- Dumping data for table kphis.ipd_tmp_focus: ~6 rows (approximately)
/*!40000 ALTER TABLE `ipd_tmp_focus` DISABLE KEYS */;
INSERT INTO `ipd_tmp_focus` (`focus_id`, `focus_name`, `smp_id`, `subgroup`, `focus_order`, `focus_status`, `version`, `create_user`, `create_datetime`, `update_user`, `update_datetime`) VALUES
	(1, 'เสี่ยงต่อการเกิดภาวะ Hypoglycemia', 1, 1, 1, 'Y', 1, 'cha582', '2022-03-19 12:28:54', 'cha582', '2022-03-19 12:28:54'),
	(2, 'มีภาวะ Hypoglycemia', 1, 1, 2, 'Y', 1, 'cha582', '2022-03-19 12:28:54', 'cha582', '2022-03-19 12:28:54'),
	(3, 'เสี่ยงต่อการเกิดภาวะ Hyperglycemia', 1, 2, 3, 'Y', 1, 'cha582', '2022-03-19 12:28:54', 'cha582', '2022-03-19 12:28:54'),
	(4, 'มีภาวะ Hyperglycemia', 1, 2, 4, 'Y', 1, 'cha582', '2022-03-19 12:28:54', 'cha582', '2022-03-19 12:28:54'),
	(5, 'มีภาวะ DKA', 1, 2, 5, 'Y', 1, 'cha582', '2022-03-19 12:28:54', 'cha582', '2022-03-19 12:28:54'),
	(999, 'อื่นๆ', 0, 0, 999, 'Y', 1, 'cha582', '2022-03-19 12:28:54', 'cha582', '2022-03-19 12:28:54');

CREATE TABLE IF NOT EXISTS `ipd_tmp_goal` (
  `goal_id` INT(11) UNSIGNED NOT NULL,
  `goal_name` TEXT DEFAULT NULL,
  `smp_id` INT(11) UNSIGNED DEFAULT NULL,
  `subgroup` INT(11) UNSIGNED DEFAULT NULL,
  `goal_order` INT(11) UNSIGNED DEFAULT NULL,
  `goal_status` VARCHAR(1) DEFAULT NULL,
  `create_user` VARCHAR(250) CHARACTER SET tis620 COLLATE 'tis620_thai_ci' DEFAULT NULL,
  `create_datetime` DATETIME DEFAULT NULL,
  `update_user` VARCHAR(250) CHARACTER SET tis620 COLLATE 'tis620_thai_ci' DEFAULT NULL,
  `update_datetime` DATETIME DEFAULT NULL,
  `version` INT(4) DEFAULT NULL,
  PRIMARY KEY (`goal_id`) USING BTREE
) ENGINE=InnoDB DEFAULT CHARSET=utf8mb4 COLLATE=utf8mb4_general_ci ROW_FORMAT=DYNAMIC;

INSERT INTO `ipd_tmp_goal` (`goal_id`, `goal_name`, `smp_id`, `subgroup`, `goal_order`, `goal_status`, `create_user`, `create_datetime`, `update_user`, `update_datetime`, `version`) VALUES
	(1, 'ผู้ป่วยปลอดภัยจากภาวะน้ำตาลในเลือดต่ำ', 1, 1, 1, 'Y', 'cha582', '2022-03-19 12:30:18', 'cha582', '2022-03-19 12:30:18', 1),
	(2, 'ไม่เกิดภาวะแทรกซ้อนจากน้ำตาลในเลือดต่ำ', 1, 1, 2, 'Y', 'cha582', '2022-03-19 12:30:18', 'cha582', '2022-03-19 12:30:18', 1),
	(3, 'ผู้ป่วยปลอดภัยจากภาวะน้ำตาลในเลือดสูง', 1, 2, 3, 'Y', 'cha582', '2022-03-19 12:30:18', 'cha582', '2022-03-19 12:30:18', 1),
	(4, 'ไม่เกิดภาวะแทรกซ้อนจากน้ำตาลในเลือดสูง', 1, 2, 4, 'Y', 'cha582', '2022-03-19 12:30:18', 'cha582', '2022-03-19 12:30:18', 1),
	(5, 'ผู้ป่วยปลอดภัยจากภาวะเลือดเป็นกรด', 1, 2, 5, 'Y', 'cha582', '2022-03-19 12:30:18', 'cha582', '2022-03-19 12:30:18', 1),
	(999, 'อื่นๆ', 0, 0, 999, 'Y', 'cha582', '2022-03-19 12:30:18', 'cha582', '2022-03-19 12:30:18', 1);

CREATE TABLE IF NOT EXISTS `ipd_tmp_group_smp` (
  `smp_id` INT(11) UNSIGNED NOT NULL,
  `smp_name` VARCHAR(255) DEFAULT NULL,
  `smp_group` INT(11) UNSIGNED DEFAULT NULL,
  `smp_order` INT(11) UNSIGNED DEFAULT NULL,
  `smp_status` char(1) DEFAULT NULL,
  `create_user` VARCHAR(250) CHARACTER SET tis620 COLLATE 'tis620_thai_ci' DEFAULT NULL,
  `create_datetime` DATETIME DEFAULT NULL,
  `update_user` VARCHAR(250) CHARACTER SET tis620 COLLATE 'tis620_thai_ci' DEFAULT NULL,
  `update_datetime` DATETIME DEFAULT NULL,
  `version` SMALLINT(4) DEFAULT NULL,
  PRIMARY KEY (`smp_id`) USING BTREE
) ENGINE=InnoDB DEFAULT CHARSET=utf8mb4 COLLATE=utf8mb4_general_ci ROW_FORMAT=DYNAMIC;

INSERT INTO `ipd_tmp_group_smp` (`smp_id`, `smp_name`, `smp_group`, `smp_order`, `smp_status`, `create_user`, `create_datetime`, `update_user`, `update_datetime`, `version`) VALUES
	(1, 'ระบบต่อมไร้ท่อ', 1, 1, 'Y', 'cha582', '2022-03-19 12:31:09', 'cha582', '2022-03-19 12:31:09', 1),
	(99, 'อื่นๆ', 99, 99, 'Y', 'cha582', '2022-03-19 12:31:09', 'cha582', '2022-03-19 12:31:09', 1);

CREATE TABLE IF NOT EXISTS `ipd_tmp_intvt` (
  `intvt_id` INT(11) UNSIGNED NOT NULL,
  `intvt_name` TEXT NOT NULL,
  `smp_id` INT(11) UNSIGNED NOT NULL,
  `subgroup` INT(11) UNSIGNED DEFAULT NULL,
  `intvt_order` INT(11) UNSIGNED DEFAULT NULL,
  `intvt_status` VARCHAR(1) DEFAULT NULL,
  `create_user` VARCHAR(250) CHARACTER SET tis620 COLLATE 'tis620_thai_ci' DEFAULT NULL,
  `create_datetime` DATETIME DEFAULT NULL,
  `update_user` VARCHAR(250) CHARACTER SET tis620 COLLATE 'tis620_thai_ci' DEFAULT NULL,
  `update_datetime` DATETIME DEFAULT NULL,
  `version` INT(4) DEFAULT NULL,
  PRIMARY KEY (`intvt_id`) USING BTREE
) ENGINE=InnoDB DEFAULT CHARSET=utf8mb4 COLLATE=utf8mb4_general_ci ROW_FORMAT=DYNAMIC;

INSERT INTO `ipd_tmp_intvt` (`intvt_id`, `intvt_name`, `smp_id`, `subgroup`, `intvt_order`, `intvt_status`, `create_user`, `create_datetime`, `update_user`, `update_datetime`, `version`) VALUES
	(1, 'ประเมินสภาพและสัญญาณชีพตามระดับความรุนแรงของอาการผู้ป่วย ', 1, 0, 1, 'Y', 'cha582', '2022-03-19 12:32:07', 'cha582', '2022-03-19 12:32:07', 1),
	(2, 'ดูแลให้ได้รับสารน้ำและเกลือแร่ตามแผนการรักษา', 1, 0, 2, 'Y', 'cha582', '2022-03-19 12:32:07', 'cha582', '2022-03-19 12:32:07', 1),
	(3, 'ติดตามผลการตรวจน้ำตาลในเลือดตามแผนการรักษา', 1, 0, 3, 'Y', 'cha582', '2022-03-19 12:32:07', 'cha582', '2022-03-19 12:32:07', 1),
	(4, 'ดูแลให้มีกิจกรรมที่เหมาะสม', 1, 0, 4, 'Y', 'cha582', '2022-03-19 12:32:07', 'cha582', '2022-03-19 12:32:07', 1),
	(5, 'ดูแลให้มีการพักผ่อนอย่างเพียงพอ', 1, 0, 5, 'Y', 'cha582', '2022-03-19 12:32:07', 'cha582', '2022-03-19 12:32:07', 1),
	(6, 'สังเกตและบันทึกปริมาณสารน้ำเข้าและออกตามระดับความรุนแรงของอาการผู้ป่วย ', 1, 0, 6, 'Y', 'cha582', '2022-03-19 12:32:07', 'cha582', '2022-03-19 12:32:07', 1),
	(7, 'เฝ้าระวังอาการและอาการแสดงจากภาวะน้ำตาลในเลือดต่ำ', 1, 1, 7, 'Y', 'cha582', '2022-03-19 12:32:07', 'cha582', '2022-03-19 12:32:07', 1),
	(8, 'เฝ้าระวังอาการและอาการแสดงจากภาวะน้ำตาลในเลือดสูง', 1, 2, 8, 'Y', 'cha582', '2022-03-19 12:32:07', 'cha582', '2022-03-19 12:32:07', 1),
	(9, 'ดูแลให้ได้รับความสมดุลของอาหาร กับการได้รับอินซูลิน', 1, 2, 9, 'Y', 'cha582', '2022-03-19 12:32:07', 'cha582', '2022-03-19 12:32:07', 1),
	(10, 'ดูแลให้ได้รับการฉีดอินซูลินตามแผนการรักษา', 1, 1, 10, 'Y', 'cha582', '2022-03-19 12:32:07', 'cha582', '2022-03-19 12:32:07', 1),
	(9999, 'อื่นๆ', 0, 0, 9999, 'Y', 'cha582', '2022-03-19 12:32:07', 'cha582', '2022-03-19 12:32:07', 1);

CREATE TABLE IF NOT EXISTS `ipd_tmp_subgroup` (
  `smp_id` INT(11) UNSIGNED NOT NULL,
  `subgroup` INT(11) UNSIGNED NOT NULL,
  `subgroup_name` TEXT DEFAULT NULL,
  `subgroup_order` INT(11) UNSIGNED DEFAULT NULL,
  `subgroup_status` VARCHAR(1) DEFAULT NULL,
  `version` INT(4) DEFAULT NULL,
  `create_user` VARCHAR(250) CHARACTER SET tis620 COLLATE 'tis620_thai_ci' DEFAULT NULL,
  `create_datetime` DATETIME DEFAULT NULL,
  `update_user` VARCHAR(250) CHARACTER SET tis620 COLLATE 'tis620_thai_ci' DEFAULT NULL,
  `update_datetime` DATETIME DEFAULT NULL,
  PRIMARY KEY (`smp_id`,`subgroup`) USING BTREE
) ENGINE=InnoDB DEFAULT CHARSET=utf8mb4 COLLATE=utf8mb4_general_ci ROW_FORMAT=DYNAMIC;

INSERT INTO `ipd_tmp_subgroup` (`smp_id`, `subgroup`, `subgroup_name`, `subgroup_order`, `subgroup_status`, `version`, `create_user`, `create_datetime`, `update_user`, `update_datetime`) VALUES
	(1, 1, 'Hypoglycemia', 1, 'Y', 1, 'cha582', '2022-03-19 11:02:05', 'cha582', '2022-03-19 11:02:05'),
	(1, 2, 'Hyperglycemia', 2, 'Y', 1, 'cha582', '2022-03-19 11:02:05', 'cha582', '2022-03-19 11:02:05');

CREATE TABLE IF NOT EXISTS `ipd_vs_avpu` (
  `avpu_id` INT(11) UNSIGNED NOT NULL AUTO_INCREMENT,
  `avpu_name` VARCHAR(50) DEFAULT NULL,
  PRIMARY KEY (`avpu_id`) USING BTREE
) ENGINE=MyISAM AUTO_INCREMENT=5 DEFAULT CHARSET=utf8mb4 COLLATE=utf8mb4_general_ci ROW_FORMAT=DYNAMIC;

INSERT INTO `ipd_vs_avpu` (`avpu_id`, `avpu_name`) VALUES
	(1, 'Alert'),
	(2, 'Voice'),
	(3, 'Pain'),
	(4, 'Unresponsive');

CREATE TABLE IF NOT EXISTS `ipd_vs_breathing` (
  `breathing_id` INT(11) UNSIGNED NOT NULL AUTO_INCREMENT,
  `breathing_name` VARCHAR(50) DEFAULT NULL,
  PRIMARY KEY (`breathing_id`) USING BTREE
) ENGINE=MyISAM AUTO_INCREMENT=6 DEFAULT CHARSET=utf8mb4 COLLATE=utf8mb4_general_ci ROW_FORMAT=DYNAMIC;

INSERT INTO `ipd_vs_breathing` (`breathing_id`, `breathing_name`) VALUES
	(1, 'No distress'),
	(2, 'Audible grunt or wheeze'),
	(3, 'Mild or Moderate Recession'),
	(4, 'Stridor'),
	(5, 'Severe Recession');

CREATE TABLE IF NOT EXISTS `ipd_vs_cha` (
  `cha_id` INT(11) UNSIGNED NOT NULL AUTO_INCREMENT,
  `cha_name` VARCHAR(50) DEFAULT NULL,
  PRIMARY KEY (`cha_id`) USING BTREE
) ENGINE=MyISAM AUTO_INCREMENT=5 DEFAULT CHARSET=utf8mb4 COLLATE=utf8mb4_general_ci ROW_FORMAT=DYNAMIC;

INSERT INTO `ipd_vs_cha` (`cha_id`, `cha_name`) VALUES
	(1, 'React to light'),
	(2, 'Slightly react to light '),
	(3, 'Fix'),
	(4, 'Dilated');

CREATE TABLE IF NOT EXISTS `ipd_vs_conscious` (
  `conscious_id` INT(11) UNSIGNED NOT NULL AUTO_INCREMENT,
  `conscious_name` VARCHAR(50) DEFAULT NULL,
  `conscious_score` INT(2) DEFAULT NULL,
  `conscious_group` INT(2) DEFAULT NULL,
  PRIMARY KEY (`conscious_id`) USING BTREE
) ENGINE=MyISAM AUTO_INCREMENT=7 DEFAULT CHARSET=utf8mb4 COLLATE=utf8mb4_general_ci ROW_FORMAT=DYNAMIC;

INSERT INTO `ipd_vs_conscious` (`conscious_id`, `conscious_name`, `conscious_score`, `conscious_group`) VALUES
	(1, 'รู้สึกตัวดี', 0, NULL),
	(2, 'สับสน', 1, NULL),
	(3, 'กระวนกระวาย', 1, NULL),
	(4, 'ตอบสนองต่อคำสั่ง', 1, NULL),
	(5, 'ตอบสนองต่อความเจ็บปวด', 2, NULL),
	(6, 'ไม่รู้สึกตัว', 3, NULL);

CREATE TABLE IF NOT EXISTS `ipd_vs_gut_feeling` (
  `gut_feeling_id` INT(11) UNSIGNED NOT NULL AUTO_INCREMENT,
  `gut_feeling_name` VARCHAR(50) DEFAULT NULL,
  PRIMARY KEY (`gut_feeling_id`) USING BTREE
) ENGINE=MyISAM AUTO_INCREMENT=5 DEFAULT CHARSET=utf8mb4 COLLATE=utf8mb4_general_ci ROW_FORMAT=DYNAMIC;

INSERT INTO `ipd_vs_gut_feeling` (`gut_feeling_id`, `gut_feeling_name`) VALUES
	(1, 'Well'),
	(2, 'Low level concern'),
	(3, 'High level concern'),
	(4, 'Child looks unwell');

CREATE TABLE IF NOT EXISTS `ipd_vs_intake` (
  `intake_id` INT(11) UNSIGNED NOT NULL AUTO_INCREMENT,
  `intake_name` VARCHAR(50) DEFAULT NULL,
  PRIMARY KEY (`intake_id`) USING BTREE
) ENGINE=MyISAM AUTO_INCREMENT=3 DEFAULT CHARSET=utf8mb4 COLLATE=utf8mb4_general_ci ROW_FORMAT=DYNAMIC;

INSERT INTO `ipd_vs_intake` (`intake_id`, `intake_name`) VALUES
	(1, 'Parenteral'),
	(2, 'Oral');

CREATE TABLE IF NOT EXISTS `ipd_vs_line` (
  `line_id` INT(11) UNSIGNED NOT NULL AUTO_INCREMENT,
  `line_name` VARCHAR(50) DEFAULT NULL,
  PRIMARY KEY (`line_id`) USING BTREE
) ENGINE=MyISAM AUTO_INCREMENT=7 DEFAULT CHARSET=utf8mb4 COLLATE=utf8mb4_general_ci ROW_FORMAT=DYNAMIC;

INSERT INTO `ipd_vs_line` (`line_id`, `line_name`) VALUES
	(1, 'C-Line'),
	(2, 'A-Line'),
	(3, 'ICD'),
	(4, 'UAC'),
	(5, 'UVC'),
	(6, 'PICC');

CREATE TABLE IF NOT EXISTS `ipd_vs_lr_mem` (
  `lr_mem_id` INT(11) UNSIGNED NOT NULL AUTO_INCREMENT,
  `lr_mem_name` VARCHAR(50) DEFAULT NULL,
  PRIMARY KEY (`lr_mem_id`) USING BTREE
) ENGINE=MyISAM AUTO_INCREMENT=6 DEFAULT CHARSET=utf8mb4 COLLATE=utf8mb4_general_ci ROW_FORMAT=DYNAMIC;

INSERT INTO `ipd_vs_lr_mem` (`lr_mem_id`, `lr_mem_name`) VALUES
	(1, 'R'),
	(2, 'L'),
	(3, 'I'),
  (4, 'SRM'),
  (5, 'ARM');

CREATE TABLE IF NOT EXISTS `ipd_vs_lr_sta` (
  `lr_sta_id` INT(11) UNSIGNED NOT NULL AUTO_INCREMENT,
  `lr_sta_name` VARCHAR(50) DEFAULT NULL,
  PRIMARY KEY (`lr_sta_id`) USING BTREE
) ENGINE=MyISAM AUTO_INCREMENT=6 DEFAULT CHARSET=utf8mb4 COLLATE=utf8mb4_general_ci ROW_FORMAT=DYNAMIC;

INSERT INTO `ipd_vs_lr_sta` (`lr_sta_id`, `lr_sta_name`) VALUES
	(1, '-2'),
	(2, '-1'),
	(3, '0'),
	(4, '+1'),
	(5, '+2');

CREATE TABLE IF NOT EXISTS `ipd_vs_lt_arm` (
  `lt_arm` INT(11) UNSIGNED NOT NULL,
  `lt_arm_name` TEXT DEFAULT NULL,
  `create_user` VARCHAR(250) CHARACTER SET tis620 COLLATE 'tis620_thai_ci' NOT NULL,
  `create_datetime` DATETIME NOT NULL,
  `update_user` VARCHAR(250) CHARACTER SET tis620 COLLATE 'tis620_thai_ci' NOT NULL,
  `update_datetime` DATETIME NOT NULL,
  `version` INT(11) NOT NULL,
  PRIMARY KEY (`lt_arm`) USING BTREE
) ENGINE=MyISAM DEFAULT CHARSET=utf8mb4 COLLATE=utf8mb4_general_ci ROW_FORMAT=DYNAMIC;

INSERT INTO `ipd_vs_lt_arm` (`lt_arm`, `lt_arm_name`, `create_user`, `create_datetime`, `update_user`, `update_datetime`, `version`) VALUES
	(0, '0', 'cha582', '2021-07-21 08:58:48', 'cha582', '2021-07-21 08:58:48', 1),
	(1, 'I', 'cha582', '2021-07-21 08:58:48', 'cha582', '2021-07-21 08:58:48', 1),
	(2, 'II', 'cha582', '2021-07-21 08:58:48', 'cha582', '2021-07-21 08:58:48', 1),
	(3, 'III', 'cha582', '2021-07-21 08:58:48', 'cha582', '2021-07-21 08:58:48', 1),
	(4, 'IV', 'cha582', '2021-07-21 08:58:48', 'cha582', '2021-07-21 08:58:48', 1),
	(5, 'V', 'cha582', '2021-07-21 08:58:48', 'cha582', '2021-07-21 08:58:48', 1);

CREATE TABLE IF NOT EXISTS `ipd_vs_lt_leg` (
  `lt_leg` INT(11) UNSIGNED NOT NULL,
  `lt_leg_name` TEXT DEFAULT NULL,
  `create_user` VARCHAR(250) CHARACTER SET tis620 COLLATE 'tis620_thai_ci' NOT NULL,
  `create_datetime` DATETIME NOT NULL,
  `update_user` VARCHAR(250) CHARACTER SET tis620 COLLATE 'tis620_thai_ci' NOT NULL,
  `update_datetime` DATETIME NOT NULL,
  `version` INT(11) NOT NULL,
  PRIMARY KEY (`lt_leg`) USING BTREE
) ENGINE=MyISAM DEFAULT CHARSET=utf8mb4 COLLATE=utf8mb4_general_ci ROW_FORMAT=DYNAMIC;

INSERT INTO `ipd_vs_lt_leg` (`lt_leg`, `lt_leg_name`, `create_user`, `create_datetime`, `update_user`, `update_datetime`, `version`) VALUES
	(0, '0', 'cha582', '2021-07-21 08:58:48', 'cha582', '2021-07-21 08:58:48', 1),
	(1, 'I', 'cha582', '2021-07-21 08:58:48', 'cha582', '2021-07-21 08:58:48', 1),
	(2, 'II', 'cha582', '2021-07-21 08:58:48', 'cha582', '2021-07-21 08:58:48', 1),
	(3, 'III', 'cha582', '2021-07-21 08:58:48', 'cha582', '2021-07-21 08:58:48', 1),
	(4, 'IV', 'cha582', '2021-07-21 08:58:48', 'cha582', '2021-07-21 08:58:48', 1),
	(5, 'V', 'cha582', '2021-07-21 08:58:48', 'cha582', '2021-07-21 08:58:48', 1);

CREATE TABLE IF NOT EXISTS `ipd_vs_mass` (
  `mass_id` INT(11) UNSIGNED NOT NULL AUTO_INCREMENT,
  `mass_name` VARCHAR(50) DEFAULT NULL,
  PRIMARY KEY (`mass_id`) USING BTREE
) ENGINE=MyISAM AUTO_INCREMENT=9 DEFAULT CHARSET=utf8mb4 COLLATE=utf8mb4_general_ci ROW_FORMAT=DYNAMIC;

INSERT INTO `ipd_vs_mass` (`mass_id`, `mass_name`) VALUES
	(1, '1'),
	(2, '2'),
	(3, '3'),
	(4, '4'),
	(5, '5'),
	(6, '6'),
	(8, '0');

CREATE TABLE IF NOT EXISTS `ipd_vs_o2` (
  `o2_id` INT(11) UNSIGNED NOT NULL AUTO_INCREMENT,
  `o2_name` VARCHAR(50) DEFAULT NULL,
  PRIMARY KEY (`o2_id`) USING BTREE
) ENGINE=MyISAM AUTO_INCREMENT=8 DEFAULT CHARSET=utf8mb4 COLLATE=utf8mb4_general_ci ROW_FORMAT=DYNAMIC;

INSERT INTO `ipd_vs_o2` (`o2_id`, `o2_name`) VALUES
	(1, 'Canular'),
	(2, 'Mask c bag'),
	(3, 'Collar'),
	(4, 'HFNC'),
	(5, 'Hood'),
	(6, 'Flow'),
	(7, 'T piece');

CREATE TABLE IF NOT EXISTS `ipd_vs_output` (
  `output_id` INT(11) UNSIGNED NOT NULL AUTO_INCREMENT,
  `output_name` VARCHAR(50) DEFAULT NULL,
  PRIMARY KEY (`output_id`) USING BTREE
) ENGINE=MyISAM AUTO_INCREMENT=7 DEFAULT CHARSET=utf8mb4 COLLATE=utf8mb4_general_ci ROW_FORMAT=DYNAMIC;

INSERT INTO `ipd_vs_output` (`output_id`, `output_name`) VALUES
	(1, 'Drain'),
	(2, 'Vomit'),
	(3, 'Gastric'),
	(4, 'Urine'),
	(5, 'Dyalysis'),
	(6, 'Other');

CREATE TABLE IF NOT EXISTS `ipd_vs_pops_other` (
  `pops_other_id` INT(11) UNSIGNED NOT NULL AUTO_INCREMENT,
  `pops_other_name` VARCHAR(50) DEFAULT NULL,
  PRIMARY KEY (`pops_other_id`) USING BTREE
) ENGINE=MyISAM AUTO_INCREMENT=5 DEFAULT CHARSET=utf8mb4 COLLATE=utf8mb4_general_ci ROW_FORMAT=DYNAMIC;

INSERT INTO `ipd_vs_pops_other` (`pops_other_id`, `pops_other_name`) VALUES
	(1, 'NA'),
	(2, 'Significant PMH*'),
	(3, 'Oncology Patient'),
	(4, 'Congenital heart disease');

CREATE TABLE IF NOT EXISTS `ipd_vs_rt_arm` (
  `rt_arm` INT(11) UNSIGNED NOT NULL,
  `rt_arm_name` TEXT DEFAULT NULL,
  `create_user` VARCHAR(250) CHARACTER SET tis620 COLLATE 'tis620_thai_ci' NOT NULL,
  `create_datetime` DATETIME NOT NULL,
  `update_user` VARCHAR(250) CHARACTER SET tis620 COLLATE 'tis620_thai_ci' NOT NULL,
  `update_datetime` DATETIME NOT NULL,
  `version` INT(11) NOT NULL,
  PRIMARY KEY (`rt_arm`) USING BTREE
) ENGINE=MyISAM DEFAULT CHARSET=utf8mb4 COLLATE=utf8mb4_general_ci ROW_FORMAT=DYNAMIC;

INSERT INTO `ipd_vs_rt_arm` (`rt_arm`, `rt_arm_name`, `create_user`, `create_datetime`, `update_user`, `update_datetime`, `version`) VALUES
	(0, '0', 'cha582', '2021-07-21 08:58:48', 'cha582', '2021-07-21 08:58:48', 1),
	(1, 'I', 'cha582', '2021-07-21 08:58:48', 'cha582', '2021-07-21 08:58:48', 1),
	(2, 'II', 'cha582', '2021-07-21 08:58:48', 'cha582', '2021-07-21 08:58:48', 1),
	(3, 'III', 'cha582', '2021-07-21 08:58:48', 'cha582', '2021-07-21 08:58:48', 1),
	(4, 'IV', 'cha582', '2021-07-21 08:58:48', 'cha582', '2021-07-21 08:58:48', 1),
	(5, 'V', 'cha582', '2021-07-21 08:58:48', 'cha582', '2021-07-21 08:58:48', 1);

CREATE TABLE IF NOT EXISTS `ipd_vs_rt_leg` (
  `rt_leg` INT(11) UNSIGNED NOT NULL,
  `rt_leg_name` TEXT DEFAULT NULL,
  `create_user` VARCHAR(250) CHARACTER SET tis620 COLLATE 'tis620_thai_ci' NOT NULL,
  `create_datetime` DATETIME NOT NULL,
  `update_user` VARCHAR(250) CHARACTER SET tis620 COLLATE 'tis620_thai_ci' NOT NULL,
  `update_datetime` DATETIME NOT NULL,
  `version` INT(11) NOT NULL,
  PRIMARY KEY (`rt_leg`) USING BTREE
) ENGINE=MyISAM DEFAULT CHARSET=utf8mb4 COLLATE=utf8mb4_general_ci ROW_FORMAT=DYNAMIC;

INSERT INTO `ipd_vs_rt_leg` (`rt_leg`, `rt_leg_name`, `create_user`, `create_datetime`, `update_user`, `update_datetime`, `version`) VALUES
	(0, '0', 'cha582', '2021-07-21 08:58:48', 'cha582', '2021-07-21 08:58:48', 1),
	(1, 'I', 'cha582', '2021-07-21 08:58:48', 'cha582', '2021-07-21 08:58:48', 1),
	(2, 'II', 'cha582', '2021-07-21 08:58:48', 'cha582', '2021-07-21 08:58:48', 1),
	(3, 'III', 'cha582', '2021-07-21 08:58:48', 'cha582', '2021-07-21 08:58:48', 1),
	(4, 'IV', 'cha582', '2021-07-21 08:58:48', 'cha582', '2021-07-21 08:58:48', 1),
	(5, 'V', 'cha582', '2021-07-21 08:58:48', 'cha582', '2021-07-21 08:58:48', 1);

CREATE TABLE IF NOT EXISTS `ipd_vs_tube` (
  `tube_id` INT(11) UNSIGNED NOT NULL AUTO_INCREMENT,
  `tube_name` VARCHAR(50) DEFAULT NULL,
  PRIMARY KEY (`tube_id`) USING BTREE
) ENGINE=MyISAM AUTO_INCREMENT=4 DEFAULT CHARSET=utf8mb4 COLLATE=utf8mb4_general_ci ROW_FORMAT=DYNAMIC;

INSERT INTO `ipd_vs_tube` (`tube_id`, `tube_name`) VALUES
	(1, 'ET-tube'),
	(2, 'TT-tube'),
	(3, 'Nosal-tube');

CREATE TABLE IF NOT EXISTS `ipd_vs_urine_amount` (
  `urine_amount_id` INT(11) UNSIGNED NOT NULL AUTO_INCREMENT,
  `urine_amount_name` VARCHAR(50) DEFAULT NULL,
  PRIMARY KEY (`urine_amount_id`) USING BTREE
) ENGINE=MyISAM AUTO_INCREMENT=8 DEFAULT CHARSET=utf8mb4 COLLATE=utf8mb4_general_ci ROW_FORMAT=DYNAMIC;

INSERT INTO `ipd_vs_urine_amount` (`urine_amount_id`, `urine_amount_name`) VALUES
	(1, '501-1000'),
	(2, '321-500'),
	(3, '161-320'),
	(4, '81-160'),
	(5, '41-80'),
	(6, '21-40'),
	(7, '<=20');

CREATE TABLE IF NOT EXISTS `ipd_vs_urine_duration` (
  `urine_d_id` INT(11) UNSIGNED NOT NULL AUTO_INCREMENT,
  `urine_d_name` VARCHAR(50) DEFAULT NULL,
  PRIMARY KEY (`urine_d_id`) USING BTREE
) ENGINE=MyISAM AUTO_INCREMENT=7 DEFAULT CHARSET=utf8mb4 COLLATE=utf8mb4_general_ci ROW_FORMAT=DYNAMIC;

INSERT INTO `ipd_vs_urine_duration` (`urine_d_id`, `urine_d_name`) VALUES
	(2, 'ปัสสาวะ/8 ชม.'),
	(3, 'ปัสสาวะ/4 ชม.'),
	(4, 'ปัสสาวะ/1 ชม.'),
	(1, 'ปัสสาวะ/วัน');

CREATE TABLE IF NOT EXISTS `ipd_vs_va` (
  `va_id` INT(11) UNSIGNED NOT NULL AUTO_INCREMENT,
  `va_name` VARCHAR(50) DEFAULT NULL,
  PRIMARY KEY (`va_id`) USING BTREE
) ENGINE=MyISAM AUTO_INCREMENT=5 DEFAULT CHARSET=utf8mb4 COLLATE=utf8mb4_general_ci ROW_FORMAT=DYNAMIC;

INSERT INTO `ipd_vs_va` (`va_id`, `va_name`) VALUES
	(1, 'A'),
	(2, 'B'),
	(3, 'C'),
	(4, 'D');

CREATE TABLE IF NOT EXISTS `ipd_vs_dipstick` (
  `dipstick_id` INT(11) UNSIGNED NOT NULL AUTO_INCREMENT,
  `dipstick_name` VARCHAR(50) DEFAULT NULL,
  PRIMARY KEY (`dipstick_id`) USING BTREE
) ENGINE=MyISAM AUTO_INCREMENT=5 DEFAULT CHARSET=utf8mb4 COLLATE=utf8mb4_general_ci ROW_FORMAT=DYNAMIC;

INSERT INTO `ipd_vs_dipstick` (`dipstick_id`, `dipstick_name`) VALUES
	(1, '-ve'),
	(2, 'Tr'),
	(3, '+1'),
	(4, '+2'),
	(5, '+3');  

CREATE TABLE IF NOT EXISTS `ipd_vs_lr_moulding` (
  `lr_moulding_id` INT(11) UNSIGNED NOT NULL AUTO_INCREMENT,
  `lr_moulding_name` VARCHAR(50) DEFAULT NULL,
  PRIMARY KEY (`lr_moulding_id`) USING BTREE
) ENGINE=MyISAM AUTO_INCREMENT=5 DEFAULT CHARSET=utf8mb4 COLLATE=utf8mb4_general_ci ROW_FORMAT=DYNAMIC;

INSERT INTO `ipd_vs_lr_moulding` (`lr_moulding_id`, `lr_moulding_name`) VALUES
	(1, '0'),
	(2, '+1'),
	(3, '+2'),
	(4, '+3');  

CREATE TABLE IF NOT EXISTS `ipd_vs_stage_of_change` (
  `stage_of_change_id` INT(11) UNSIGNED NOT NULL AUTO_INCREMENT,
  `stage_of_change_name` VARCHAR(50) DEFAULT NULL,
  PRIMARY KEY (`stage_of_change_id`) USING BTREE
) ENGINE=MyISAM AUTO_INCREMENT=7 DEFAULT CHARSET=utf8mb4 COLLATE=utf8mb4_general_ci ROW_FORMAT=DYNAMIC;

INSERT INTO `ipd_vs_stage_of_change` (`stage_of_change_id`, `stage_of_change_name`) VALUES
	(1, 'Pre-contemplation'),
	(2, 'Contemplation'),
	(3, 'Determination'),
	(4, 'Action'),
	(5, 'Maintenance'),
	(6, 'Relapse');

CREATE TABLE IF NOT EXISTS `ipd_vs_vital_sign` (
  `vs_id` INT(11) UNSIGNED NOT NULL AUTO_INCREMENT,
  `action_id` INT(11) UNSIGNED DEFAULT NULL,
  `hn` VARCHAR(9) CHARACTER SET tis620 COLLATE 'tis620_thai_ci' DEFAULT NULL,
  `an` VARCHAR(13) CHARACTER SET tis620 COLLATE 'tis620_thai_ci' NOT NULL,
  `vs_datetime` DATETIME NOT NULL,
  `bt` DECIMAL(3,1) UNSIGNED DEFAULT NULL,
  `pr` INT(2) UNSIGNED DEFAULT NULL,
  `rr` INT(2) UNSIGNED DEFAULT NULL,
  `respirator` VARCHAR(1) DEFAULT NULL,
  `sbp` INT(3) UNSIGNED DEFAULT 0,
  `dbp` INT(3) UNSIGNED DEFAULT NULL,
  `inotrope` VARCHAR(1) DEFAULT NULL,
  `map` INT(3) DEFAULT NULL,
  `sat` INT(3) UNSIGNED DEFAULT NULL,
  `sat_room_air` INT(3) UNSIGNED DEFAULT NULL,
  `cvp` VARCHAR(50) DEFAULT NULL,
  `end_co2` INT(2) UNSIGNED DEFAULT NULL,
  `conscious_id` INT(11) UNSIGNED DEFAULT NULL,
  `bw` DECIMAL(7,3) DEFAULT NULL,
  `height` INT(3) DEFAULT NULL,
  `urine` VARCHAR(50) DEFAULT NULL,
  `catheter` VARCHAR(1) DEFAULT NULL,
  `urine_amount` INT(11) UNSIGNED DEFAULT NULL,
  `urine_duration` INT(11) UNSIGNED DEFAULT NULL,
  `feces` VARCHAR(50) DEFAULT NULL,
  `head` DECIMAL(4,1) DEFAULT NULL,
  `t_inc` DECIMAL(3,1) DEFAULT NULL,
  `line_id` INT(11) UNSIGNED DEFAULT NULL,
  `line_no` DECIMAL(3,1) DEFAULT NULL,
  `line_mark` DECIMAL(3,1) DEFAULT NULL,
  `braden` TEXT DEFAULT NULL,
  `pain` INT(2) DEFAULT NULL,
  `eye` INT(1) DEFAULT NULL,
  `verbal` VARCHAR(1) DEFAULT NULL,
  `movement` INT(1) DEFAULT NULL,
  `right_pupil` DECIMAL(2,1) DEFAULT NULL,
  `right_cha_id` INT(11) UNSIGNED DEFAULT NULL,
  `left_pupil` DECIMAL(2,1) DEFAULT NULL,
  `left_cha_id` INT(11) UNSIGNED DEFAULT NULL,
  `va_id` INT(1) UNSIGNED DEFAULT NULL,
  `mass_id` INT(11) UNSIGNED DEFAULT NULL,
  `lt_arm` INT(11) UNSIGNED DEFAULT NULL,
  `lt_leg` INT(11) UNSIGNED DEFAULT NULL,
  `rt_arm` INT(11) UNSIGNED DEFAULT NULL,
  `rt_leg` INT(11) UNSIGNED DEFAULT NULL,
  `severity` INT(1) DEFAULT NULL,
  `had_name` VARCHAR(200) DEFAULT NULL,
  `had_drop` VARCHAR(200) DEFAULT NULL,
  `hct` DECIMAL(4,1) DEFAULT NULL,
  `dtx` VARCHAR(10) DEFAULT NULL,
  `bl` DECIMAL(3,2) DEFAULT NULL,
  `mcb` DECIMAL(4,2) DEFAULT NULL,
  `suction` VARCHAR(1) DEFAULT NULL,
  `nb` VARCHAR(1) DEFAULT NULL,
  `o2_id` INT(11) UNSIGNED DEFAULT NULL,
  `o2_flow` DECIMAL(3,1) DEFAULT NULL,
  `tube_id` INT(11) UNSIGNED DEFAULT NULL,
  `tube_no` DECIMAL(2,1) DEFAULT NULL,
  `tube_mark` DECIMAL(4,2) DEFAULT NULL,
  `ventilator_name` VARCHAR(50) DEFAULT NULL,
  `mode` VARCHAR(50) DEFAULT NULL,
  `tv` INT(3) DEFAULT NULL,
  `pip` INT(2) DEFAULT NULL,
  `r_rate` INT(1) DEFAULT NULL,
  `i_rate` INT(1) DEFAULT NULL,
  `e_rate` INT(1) DEFAULT NULL,
  `ti` DECIMAL(3,2) DEFAULT NULL,
  `ps` INT(1) DEFAULT NULL,
  `fio2` DECIMAL(4,2) DEFAULT NULL,
  `peep` INT(2) DEFAULT NULL,
  `ft` DECIMAL(2,1) DEFAULT NULL,
  `delta_p` INT(2) DEFAULT NULL,
  `o2_map` INT(2) DEFAULT NULL,
  `intake_id` INT(11) UNSIGNED DEFAULT NULL,
  `intake_type` VARCHAR(50) DEFAULT NULL,
  `intake_amount` INT(11) DEFAULT NULL,
  `intake_absorb` INT(11) DEFAULT NULL,
  `other` TEXT DEFAULT NULL,
  `output_id` INT(11) UNSIGNED DEFAULT NULL,
  `output_amount` INT(11) DEFAULT NULL,
  `lr_int` VARCHAR(50) DEFAULT NULL,
  `lr_dur` INT(2) DEFAULT NULL,
  `lr_fsh` INT(3) DEFAULT NULL,
  `lr_sev` VARCHAR(50) DEFAULT NULL,
  `lr_cer` VARCHAR(2) DEFAULT NULL,
  `lr_eff` INT(3) DEFAULT NULL,
  `lr_sta` INT(11) UNSIGNED DEFAULT NULL,
  `lr_mem` INT(11) UNSIGNED DEFAULT NULL,
  `lr_af` VARCHAR(50) DEFAULT NULL,
  `breathing_id` INT(11) UNSIGNED DEFAULT NULL,
  `avpu_id` INT(11) UNSIGNED DEFAULT NULL,
  `gut_feeling_id` INT(11) UNSIGNED DEFAULT NULL,
  `pops_other_id` INT(11) UNSIGNED DEFAULT NULL,
  `wbc` DECIMAL(10,1) DEFAULT NULL,
  `pleak_flow` INT(5) DEFAULT NULL,
  `crt` INT(2) DEFAULT NULL,
  `band` INT(3) DEFAULT NULL,
  `lr_pos` VARCHAR(3) DEFAULT NULL,
  `lr_moulding` INT(11) UNSIGNED DEFAULT NULL,
  `lr_oxytocin_unit` INT(11) UNSIGNED DEFAULT NULL,
  `lr_oxytocin_rate` INT(11) UNSIGNED DEFAULT NULL,
  `lr_urine_vol` INT(11) UNSIGNED DEFAULT NULL,
  `urine_protein` INT(11) UNSIGNED DEFAULT NULL,
  `urine_sugar` INT(11) UNSIGNED DEFAULT NULL,
  `diet` VARCHAR(20) DEFAULT NULL,
  `barthel_index` TEXT DEFAULT NULL,
  `aggression_oas` TEXT DEFAULT NULL,
  `alcohol_ciwa` TEXT DEFAULT NULL,
  `alcohol_aws` TEXT DEFAULT NULL,
  `amphetamine_awq` TEXT DEFAULT NULL,
  `motivation_scale` TINYINT(2) UNSIGNED DEFAULT NULL,
  `craving_scale` TINYINT(2) UNSIGNED DEFAULT NULL,
  `stage_of_change_id` INT(11) UNSIGNED DEFAULT NULL,
  `depress_2q` TEXT DEFAULT NULL,
  `depress_9q` TEXT DEFAULT NULL,
  `suicide_8q` TEXT DEFAULT NULL,
  `create_user` VARCHAR(250) CHARACTER SET tis620 COLLATE 'tis620_thai_ci' NOT NULL,
  `create_datetime` DATETIME NOT NULL,
  `update_user` VARCHAR(250) CHARACTER SET tis620 COLLATE 'tis620_thai_ci' NOT NULL,
  `update_datetime` DATETIME NOT NULL,
  `version` INT(11) NOT NULL,
  PRIMARY KEY (`vs_id`) USING BTREE,
  INDEX `action_id` (`action_id`) USING BTREE,
  INDEX `an` (`an`) USING BTREE,
  INDEX `hn` (`hn`) USING BTREE
) ENGINE=InnoDB DEFAULT CHARSET=utf8mb4 COLLATE=utf8mb4_general_ci ROW_FORMAT=DYNAMIC;

CREATE TABLE IF NOT EXISTS `ipd_ward_passcode` (
  `ward` VARCHAR(4) CHARACTER SET tis620 COLLATE 'tis620_thai_ci' NOT NULL DEFAULT '',
  `passcode` VARCHAR(30) DEFAULT NULL,
  `create_user` VARCHAR(250) CHARACTER SET tis620 COLLATE 'tis620_thai_ci' NOT NULL,
  `create_datetime` DATETIME NOT NULL,
  `update_user` VARCHAR(250) CHARACTER SET tis620 COLLATE 'tis620_thai_ci' NOT NULL,
  `update_datetime` DATETIME NOT NULL,
  `version` INT(11) NOT NULL,
  PRIMARY KEY (`ward`) USING BTREE
) ENGINE=InnoDB DEFAULT CHARSET=utf8mb4 COLLATE=utf8mb4_general_ci ROW_FORMAT=COMPACT;

CREATE TABLE IF NOT EXISTS `ipd_ward_passcode_user` (
  `ward` VARCHAR(4) CHARACTER SET tis620 COLLATE 'tis620_thai_ci' NOT NULL DEFAULT '',
  `loginname` VARCHAR(250) CHARACTER SET tis620 COLLATE 'tis620_thai_ci' NOT NULL,
  `create_user` VARCHAR(250) CHARACTER SET tis620 COLLATE 'tis620_thai_ci' NOT NULL,
  `create_datetime` DATETIME NOT NULL,
  `update_user` VARCHAR(250) CHARACTER SET tis620 COLLATE 'tis620_thai_ci' NOT NULL,
  `update_datetime` DATETIME NOT NULL,
  `version` INT(11) NOT NULL,
  PRIMARY KEY (`ward`,`loginname`) USING BTREE
) ENGINE=InnoDB DEFAULT CHARSET=utf8mb4 COLLATE=utf8mb4_general_ci ROW_FORMAT=COMPACT;

CREATE TABLE IF NOT EXISTS `kphis_drug_use_duration` (
  `icode` VARCHAR(7) CHARACTER SET tis620 COLLATE 'tis620_thai_ci' NOT NULL,
  `usage` TEXT DEFAULT NULL,
  `duration1` SMALLINT(6) DEFAULT NULL,
  `exceed_duration1_color` VARCHAR(20) DEFAULT NULL,
  `duration2` SMALLINT(6) DEFAULT NULL,
  `exceed_duration2_color` VARCHAR(20) DEFAULT NULL,
  `duration3` SMALLINT(6) DEFAULT NULL,
  `exceed_duration3_color` VARCHAR(20) DEFAULT NULL,
  `status` VARCHAR(1) DEFAULT NULL,
  `monitor` TEXT DEFAULT NULL,
  `monitor_count` TINYINT(3) UNSIGNED DEFAULT NULL,
  `monitor_duration` INT(11) UNSIGNED DEFAULT NULL,
  `monitor_status` VARCHAR(1) DEFAULT NULL,
  `info` TEXT DEFAULT NULL,
  `info_status` VARCHAR(1) DEFAULT NULL,
  `create_user` VARCHAR(250) CHARACTER SET tis620 COLLATE 'tis620_thai_ci' NOT NULL,
  `create_datetime` DATETIME NOT NULL,
  `update_user` VARCHAR(250) CHARACTER SET tis620 COLLATE 'tis620_thai_ci' NOT NULL,
  `update_datetime` DATETIME NOT NULL,
  `version` INT(11) NOT NULL,
  PRIMARY KEY (`icode`) USING BTREE,
  INDEX `status` (`status`) USING BTREE,
  INDEX `monitor_status` (`monitor_status`) USING BTREE,
  INDEX `info_status` (`info_status`) USING BTREE
) ENGINE=InnoDB DEFAULT CHARSET=utf8mb4 COLLATE=utf8mb4_general_ci ROW_FORMAT=COMPACT;

CREATE TABLE IF NOT EXISTS `kphis_spclty` (
  `spclty_id` INT(11) UNSIGNED NOT NULL AUTO_INCREMENT,
  `spclty_name` VARCHAR(255) DEFAULT NULL,
  `spclty_order` SMALLINT(4) DEFAULT NULL,
  `version` SMALLINT(4) DEFAULT NULL,
  `create_user` VARCHAR(250) CHARACTER SET tis620 COLLATE 'tis620_thai_ci' DEFAULT NULL,
  `create_datetime` DATETIME DEFAULT NULL,
  `update_user` VARCHAR(250) CHARACTER SET tis620 COLLATE 'tis620_thai_ci' DEFAULT NULL,
  `update_datetime` DATETIME DEFAULT NULL,
  PRIMARY KEY (`spclty_id`) USING BTREE
) ENGINE=MyISAM AUTO_INCREMENT=31 DEFAULT CHARSET=utf8mb4 COLLATE=utf8mb4_general_ci ROW_FORMAT=DYNAMIC;

INSERT INTO `kphis_spclty` (`spclty_id`, `spclty_name`, `spclty_order`, `version`, `create_user`, `create_datetime`, `update_user`, `update_datetime`) VALUES
	(1, 'อายุรกรรมชาย', 1, 1, 'cha582', '2021-01-31 15:42:19', 'cha582', '2021-01-31 15:42:19'),
	(3, 'อายุรกรรมหญิง', 3, 1, 'cha582', '2021-01-31 15:42:19', 'cha582', '2021-01-31 15:42:19'),
	(5, 'อายุรกรรมประสาท', 5, 1, 'cha582', '2021-01-31 15:42:19', 'cha582', '2021-01-31 15:42:19'),
	(6, 'อายุรกรรมหัวใจ', 6, 1, 'cha582', '2021-01-31 15:42:19', 'cha582', '2021-01-31 15:42:19'),
	(7, 'อายุรกรรมไต', 7, 1, 'cha582', '2021-01-31 15:42:19', 'cha582', '2021-01-31 15:42:19'),
	(8, 'อายุรกรรมพิเศษ', 8, 1, 'cha582', '2021-01-31 15:42:19', 'cha582', '2021-01-31 15:42:19'),
	(9, 'อายุรกรรม ICU', 9, 1, 'cha582', '2021-01-31 15:42:19', 'cha582', '2021-01-31 15:42:19'),
	(10, 'อายุรกรรมนอกเวลา', 10, 1, 'cha582', '2021-01-31 15:42:19', 'cha582', '2021-01-31 15:42:19'),
	(11, 'ศัลยกรรมประสาท', 11, 1, 'cha582', '2021-01-31 15:42:19', 'cha582', '2021-01-31 15:42:19'),
	(12, 'ศัลยกรรมทางเดินปัสสาวะ', 12, 1, 'cha582', '2021-01-31 15:42:19', 'cha582', '2021-01-31 15:42:19'),
	(13, 'ศัลยกรรมตกแต่ง', 13, 1, 'cha582', '2021-01-31 15:42:19', 'cha582', '2021-01-31 15:42:19'),
	(15, 'ศัลยกรรมทั่วไป', 15, 1, 'cha582', '2021-01-31 15:42:19', 'cha582', '2021-01-31 15:42:19'),
	(16, 'สูติ - นรีเวช', 16, 1, 'cha582', '2021-01-31 15:42:19', 'cha582', '2021-01-31 15:42:19'),
	(17, 'กุมารเวชกรรม', 17, 1, 'cha582', '2021-01-31 15:42:19', 'cha582', '2021-01-31 15:42:19'),
	(18, 'โสต ศอ นาสิก', 18, 1, 'cha582', '2021-01-31 15:42:19', 'cha582', '2021-01-31 15:42:19'),
	(19, 'จักษุ', 19, 1, 'cha582', '2021-01-31 15:42:19', 'cha582', '2021-01-31 15:42:19'),
	(20, 'ศัลยกรรมกระดูก', 14, 1, 'cha582', '2021-01-31 15:42:19', 'cha582', '2021-01-31 15:42:19'),
	(21, 'จิตเวช', 21, 1, 'cha582', '2021-01-31 15:42:19', 'cha582', '2021-01-31 15:42:19'),
	(22, 'รังสีวิทยา', 22, 1, 'cha582', '2021-01-31 15:42:19', 'cha582', '2021-01-31 15:42:19'),
	(23, 'ทันตกรรม', 23, 1, 'cha582', '2021-01-31 15:42:19', 'cha582', '2021-01-31 15:42:19'),
	(24, 'กายภาพ', 24, 1, 'cha582', '2021-01-31 15:42:19', 'cha582', '2021-01-31 15:42:19'),
	(25, 'วิสัญญี', 25, 1, 'cha582', '2021-01-31 15:42:19', 'cha582', '2021-01-31 15:42:19'),
	(26, 'palliative care', 26, 1, 'cha582', '2021-01-31 15:42:19', 'cha582', '2021-01-31 15:42:19'),
	(27, 'ระงับปวด', 27, 1, 'cha582', '2021-01-31 15:42:19', 'cha582', '2021-01-31 15:42:19'),
	(29, 'แพทย์ผิวหนัง', 29, 1, 'cha582', '2021-03-22 13:28:26', 'cha582', '2021-03-22 13:28:31'),
	(28, 'maxillo', 28, 1, 'cha582', '2021-02-01 08:55:01', 'cha582', '2021-02-01 08:55:01'),
	(30, 'โรคมะเร็ง', 30, 1, 'cha582', '2021-08-09 14:08:55', 'cha582', '2021-08-09 14:08:55');

CREATE TABLE IF NOT EXISTS `opd_er_allergy_history` (
  `er_allergy_history_id` INT(11) UNSIGNED NOT NULL AUTO_INCREMENT,
  `opd_er_order_master_id` INT(11) UNSIGNED DEFAULT NULL,
  `er_allergy_history_agent` TEXT DEFAULT NULL,
  `er_allergy_history_symptom` TEXT DEFAULT NULL,
  `er_allergy_history_doctorcode` VARCHAR(7) DEFAULT NULL,
  `create_user` VARCHAR(250) CHARACTER SET tis620 COLLATE 'tis620_thai_ci' NOT NULL,
  `create_datetime` DATETIME NOT NULL,
  `update_user` VARCHAR(250) CHARACTER SET tis620 COLLATE 'tis620_thai_ci' NOT NULL,
  `update_datetime` DATETIME NOT NULL,
  `version` INT(11) NOT NULL,
  PRIMARY KEY (`er_allergy_history_id`) USING BTREE,
  INDEX `opd_er_order_master_id` (`opd_er_order_master_id`) USING BTREE
) ENGINE=InnoDB DEFAULT CHARSET=utf8mb4 COLLATE=utf8mb4_general_ci ROW_FORMAT=COMPACT;

CREATE TABLE IF NOT EXISTS `opd_er_bed` (
  `opd_er_bed_id` INT(11) UNSIGNED NOT NULL AUTO_INCREMENT,
  `bedno` VARCHAR(20) CHARACTER SET tis620 COLLATE 'tis620_thai_ci' DEFAULT NULL,
  `bed_type` VARCHAR(10) DEFAULT NULL,
  `display_order` INT(5) DEFAULT NULL,
  `active` VARCHAR(1) DEFAULT NULL,
  `create_user` VARCHAR(250) CHARACTER SET tis620 COLLATE 'tis620_thai_ci' NOT NULL,
  `create_datetime` DATETIME NOT NULL,
  `update_user` VARCHAR(250) CHARACTER SET tis620 COLLATE 'tis620_thai_ci' NOT NULL,
  `update_datetime` DATETIME NOT NULL,
  `version` INT(11) NOT NULL,
  PRIMARY KEY (`opd_er_bed_id`) USING BTREE
) ENGINE=InnoDB AUTO_INCREMENT=151 DEFAULT CHARSET=utf8mb4 COLLATE=utf8mb4_general_ci ROW_FORMAT=DYNAMIC;

INSERT INTO `opd_er_bed` (`opd_er_bed_id`, `bedno`, `bed_type`, `display_order`, `active`, `create_user`, `create_datetime`, `update_user`, `update_datetime`, `version`) VALUES
	(1, '1', 'R', 1, 'Y', 'jommarn', '2021-07-06 09:39:46', 'jommarn', '2021-07-06 09:39:46', 0),
	(2, '2', 'R', 2, 'Y', 'jommarn', '2021-07-06 09:39:46', 'jommarn', '2021-07-06 09:39:46', 0),
	(3, '3', 'R', 3, 'Y', 'jommarn', '2021-07-06 09:39:46', 'jommarn', '2021-07-06 09:39:46', 0),
	(4, '4', 'R', 4, 'Y', 'jommarn', '2021-07-06 09:39:46', 'jommarn', '2021-07-06 09:39:46', 0),
	(5, '5', 'R', 5, 'Y', 'jommarn', '2021-07-06 09:39:46', 'jommarn', '2021-07-06 09:39:46', 0),
	(6, '6', 'R', 6, 'Y', 'jommarn', '2021-07-06 09:39:46', 'jommarn', '2021-07-06 09:39:46', 0),
	(7, '7', 'R', 7, 'Y', 'jommarn', '2021-07-06 09:39:46', 'jommarn', '2021-07-06 09:39:46', 0),
	(8, '8', 'R', 8, 'Y', 'jommarn', '2021-07-06 09:39:46', 'jommarn', '2021-07-06 09:39:46', 0),
	(9, '9', 'R', 9, 'Y', 'jommarn', '2021-07-06 09:39:46', 'jommarn', '2021-07-06 09:39:46', 0),
	(10, '10', 'R', 10, 'Y', 'jommarn', '2021-07-06 09:39:46', 'jommarn', '2021-07-06 09:39:46', 0),
	(11, '11', 'R', 11, 'Y', 'jommarn', '2021-07-06 09:39:46', 'jommarn', '2021-07-06 09:39:46', 0),
	(12, '12', 'R', 12, 'Y', 'jommarn', '2021-07-06 09:39:46', 'jommarn', '2021-07-06 09:39:46', 0),
	(13, '13', 'R', 13, 'Y', 'jommarn', '2021-07-06 09:39:46', 'jommarn', '2021-07-06 09:39:46', 0),
	(14, '14', 'R', 14, 'Y', 'jommarn', '2021-07-06 09:39:46', 'jommarn', '2021-07-06 09:39:46', 0),
	(15, '15', 'R', 15, 'Y', 'jommarn', '2021-07-06 09:39:46', 'jommarn', '2021-07-06 09:39:46', 0),
	(16, '16', 'R', 16, 'Y', 'jommarn', '2021-07-06 09:39:46', 'jommarn', '2021-07-06 09:39:46', 0),
	(17, '17', 'R', 17, 'Y', 'jommarn', '2021-07-06 09:39:46', 'jommarn', '2021-07-06 09:39:46', 0),
	(18, '18', 'R', 18, 'Y', 'jommarn', '2021-07-06 09:39:46', 'jommarn', '2021-07-06 09:39:46', 0),
	(19, '19', 'R', 19, 'Y', 'jommarn', '2021-07-06 09:39:46', 'jommarn', '2021-07-06 09:39:46', 0),
	(20, '20', 'R', 20, 'Y', 'jommarn', '2021-07-06 09:39:46', 'jommarn', '2021-07-06 09:39:46', 0),
	(21, '21', 'R', 21, 'Y', 'jommarn', '2021-07-06 09:39:46', 'jommarn', '2021-07-06 09:39:46', 0),
	(22, '22', 'R', 22, 'Y', 'jommarn', '2021-07-06 09:39:46', 'jommarn', '2021-07-06 09:39:46', 0),
	(23, '23', 'R', 23, 'Y', 'jommarn', '2021-07-06 09:39:46', 'jommarn', '2021-07-06 09:39:46', 0),
	(24, '24', 'R', 24, 'Y', 'jommarn', '2021-07-06 09:39:46', 'jommarn', '2021-07-06 09:39:46', 0),
	(25, '25', 'R', 25, 'Y', 'jommarn', '2021-07-06 09:39:46', 'jommarn', '2021-07-06 09:39:46', 0),
	(26, '26', 'R', 26, 'Y', 'jommarn', '2021-07-06 09:39:46', 'jommarn', '2021-07-06 09:39:46', 0),
	(27, '27', 'R', 27, 'Y', 'jommarn', '2021-07-06 09:39:46', 'jommarn', '2021-07-06 09:39:46', 0),
	(28, '28', 'R', 28, 'Y', 'jommarn', '2021-07-06 09:39:46', 'jommarn', '2021-07-06 09:39:46', 0),
	(29, '29', 'R', 29, 'Y', 'jommarn', '2021-07-06 09:39:46', 'jommarn', '2021-07-06 09:39:46', 0),
	(30, '30', 'R', 30, 'Y', 'jommarn', '2021-07-06 09:39:46', 'jommarn', '2021-07-06 09:39:46', 0),
	(31, '1', 'Y', 1, 'Y', 'jommarn', '2021-07-06 09:39:46', 'jommarn', '2021-07-06 09:39:46', 0),
	(32, '2', 'Y', 2, 'Y', 'jommarn', '2021-07-06 09:39:46', 'jommarn', '2021-07-06 09:39:46', 0),
	(33, '3', 'Y', 3, 'Y', 'jommarn', '2021-07-06 09:39:46', 'jommarn', '2021-07-06 09:39:46', 0),
	(34, '4', 'Y', 4, 'Y', 'jommarn', '2021-07-06 09:39:46', 'jommarn', '2021-07-06 09:39:46', 0),
	(35, '5', 'Y', 5, 'Y', 'jommarn', '2021-07-06 09:39:46', 'jommarn', '2021-07-06 09:39:46', 0),
	(36, '6', 'Y', 6, 'Y', 'jommarn', '2021-07-06 09:39:46', 'jommarn', '2021-07-06 09:39:46', 0),
	(37, '7', 'Y', 7, 'Y', 'jommarn', '2021-07-06 09:39:46', 'jommarn', '2021-07-06 09:39:46', 0),
	(38, '8', 'Y', 8, 'Y', 'jommarn', '2021-07-06 09:39:46', 'jommarn', '2021-07-06 09:39:46', 0),
	(39, '9', 'Y', 9, 'Y', 'jommarn', '2021-07-06 09:39:46', 'jommarn', '2021-07-06 09:39:46', 0),
	(40, '10', 'Y', 10, 'Y', 'jommarn', '2021-07-06 09:39:46', 'jommarn', '2021-07-06 09:39:46', 0),
	(41, '11', 'Y', 11, 'Y', 'jommarn', '2021-07-06 09:39:46', 'jommarn', '2021-07-06 09:39:46', 0),
	(42, '12', 'Y', 12, 'Y', 'jommarn', '2021-07-06 09:39:46', 'jommarn', '2021-07-06 09:39:46', 0),
	(43, '13', 'Y', 13, 'Y', 'jommarn', '2021-07-06 09:39:46', 'jommarn', '2021-07-06 09:39:46', 0),
	(44, '14', 'Y', 14, 'Y', 'jommarn', '2021-07-06 09:39:46', 'jommarn', '2021-07-06 09:39:46', 0),
	(45, '15', 'Y', 15, 'Y', 'jommarn', '2021-07-06 09:39:46', 'jommarn', '2021-07-06 09:39:46', 0),
	(46, '16', 'Y', 16, 'Y', 'jommarn', '2021-07-06 09:39:46', 'jommarn', '2021-07-06 09:39:46', 0),
	(47, '17', 'Y', 17, 'Y', 'jommarn', '2021-07-06 09:39:46', 'jommarn', '2021-07-06 09:39:46', 0),
	(48, '18', 'Y', 18, 'Y', 'jommarn', '2021-07-06 09:39:46', 'jommarn', '2021-07-06 09:39:46', 0),
	(49, '19', 'Y', 19, 'Y', 'jommarn', '2021-07-06 09:39:46', 'jommarn', '2021-07-06 09:39:46', 0),
	(50, '20', 'Y', 20, 'Y', 'jommarn', '2021-07-06 09:39:46', 'jommarn', '2021-07-06 09:39:46', 0),
	(51, '21', 'Y', 21, 'Y', 'jommarn', '2021-07-06 09:39:46', 'jommarn', '2021-07-06 09:39:46', 0),
	(52, '22', 'Y', 22, 'Y', 'jommarn', '2021-07-06 09:39:46', 'jommarn', '2021-07-06 09:39:46', 0),
	(53, '23', 'Y', 23, 'Y', 'jommarn', '2021-07-06 09:39:46', 'jommarn', '2021-07-06 09:39:46', 0),
	(54, '24', 'Y', 24, 'Y', 'jommarn', '2021-07-06 09:39:46', 'jommarn', '2021-07-06 09:39:46', 0),
	(55, '25', 'Y', 25, 'Y', 'jommarn', '2021-07-06 09:39:46', 'jommarn', '2021-07-06 09:39:46', 0),
	(56, '26', 'Y', 26, 'Y', 'jommarn', '2021-07-06 09:39:46', 'jommarn', '2021-07-06 09:39:46', 0),
	(57, '27', 'Y', 27, 'Y', 'jommarn', '2021-07-06 09:39:46', 'jommarn', '2021-07-06 09:39:46', 0),
	(58, '28', 'Y', 28, 'Y', 'jommarn', '2021-07-06 09:39:46', 'jommarn', '2021-07-06 09:39:46', 0),
	(59, '29', 'Y', 29, 'Y', 'jommarn', '2021-07-06 09:39:46', 'jommarn', '2021-07-06 09:39:46', 0),
	(60, '30', 'Y', 30, 'Y', 'jommarn', '2021-07-06 09:39:46', 'jommarn', '2021-07-06 09:39:46', 0),
	(61, '1', 'G', 1, 'Y', 'jommarn', '2021-07-06 09:39:46', 'jommarn', '2021-07-06 09:39:46', 0),
	(62, '2', 'G', 2, 'Y', 'jommarn', '2021-07-06 09:39:46', 'jommarn', '2021-07-06 09:39:46', 0),
	(63, '3', 'G', 3, 'Y', 'jommarn', '2021-07-06 09:39:46', 'jommarn', '2021-07-06 09:39:46', 0),
	(64, '4', 'G', 4, 'Y', 'jommarn', '2021-07-06 09:39:46', 'jommarn', '2021-07-06 09:39:46', 0),
	(65, '5', 'G', 5, 'Y', 'jommarn', '2021-07-06 09:39:46', 'jommarn', '2021-07-06 09:39:46', 0),
	(66, '6', 'G', 6, 'Y', 'jommarn', '2021-07-06 09:39:46', 'jommarn', '2021-07-06 09:39:46', 0),
	(67, '7', 'G', 7, 'Y', 'jommarn', '2021-07-06 09:39:46', 'jommarn', '2021-07-06 09:39:46', 0),
	(68, '8', 'G', 8, 'Y', 'jommarn', '2021-07-06 09:39:46', 'jommarn', '2021-07-06 09:39:46', 0),
	(69, '9', 'G', 9, 'Y', 'jommarn', '2021-07-06 09:39:46', 'jommarn', '2021-07-06 09:39:46', 0),
	(70, '10', 'G', 10, 'Y', 'jommarn', '2021-07-06 09:39:46', 'jommarn', '2021-07-06 09:39:46', 0),
	(71, '11', 'G', 11, 'Y', 'jommarn', '2021-07-06 09:39:46', 'jommarn', '2021-07-06 09:39:46', 0),
	(72, '12', 'G', 12, 'Y', 'jommarn', '2021-07-06 09:39:46', 'jommarn', '2021-07-06 09:39:46', 0),
	(73, '13', 'G', 13, 'Y', 'jommarn', '2021-07-06 09:39:46', 'jommarn', '2021-07-06 09:39:46', 0),
	(74, '14', 'G', 14, 'Y', 'jommarn', '2021-07-06 09:39:46', 'jommarn', '2021-07-06 09:39:46', 0),
	(75, '15', 'G', 15, 'Y', 'jommarn', '2021-07-06 09:39:46', 'jommarn', '2021-07-06 09:39:46', 0),
	(76, '16', 'G', 16, 'Y', 'jommarn', '2021-07-06 09:39:46', 'jommarn', '2021-07-06 09:39:46', 0),
	(77, '17', 'G', 17, 'Y', 'jommarn', '2021-07-06 09:39:46', 'jommarn', '2021-07-06 09:39:46', 0),
	(78, '18', 'G', 18, 'Y', 'jommarn', '2021-07-06 09:39:46', 'jommarn', '2021-07-06 09:39:46', 0),
	(79, '19', 'G', 19, 'Y', 'jommarn', '2021-07-06 09:39:46', 'jommarn', '2021-07-06 09:39:46', 0),
	(80, '20', 'G', 20, 'Y', 'jommarn', '2021-07-06 09:39:46', 'jommarn', '2021-07-06 09:39:46', 0),
	(81, '21', 'G', 21, 'Y', 'jommarn', '2021-07-06 09:39:46', 'jommarn', '2021-07-06 09:39:46', 0),
	(82, '22', 'G', 22, 'Y', 'jommarn', '2021-07-06 09:39:46', 'jommarn', '2021-07-06 09:39:46', 0),
	(83, '23', 'G', 23, 'Y', 'jommarn', '2021-07-06 09:39:46', 'jommarn', '2021-07-06 09:39:46', 0),
	(84, '24', 'G', 24, 'Y', 'jommarn', '2021-07-06 09:39:46', 'jommarn', '2021-07-06 09:39:46', 0),
	(85, '25', 'G', 25, 'Y', 'jommarn', '2021-07-06 09:39:46', 'jommarn', '2021-07-06 09:39:46', 0),
	(86, '26', 'G', 26, 'Y', 'jommarn', '2021-07-06 09:39:46', 'jommarn', '2021-07-06 09:39:46', 0),
	(87, '27', 'G', 27, 'Y', 'jommarn', '2021-07-06 09:39:46', 'jommarn', '2021-07-06 09:39:46', 0),
	(88, '28', 'G', 28, 'Y', 'jommarn', '2021-07-06 09:39:46', 'jommarn', '2021-07-06 09:39:46', 0),
	(89, '29', 'G', 29, 'Y', 'jommarn', '2021-07-06 09:39:46', 'jommarn', '2021-07-06 09:39:46', 0),
	(90, '30', 'G', 30, 'Y', 'jommarn', '2021-07-06 09:39:46', 'jommarn', '2021-07-06 09:39:46', 0),
	(91, '1', 'B', 1, 'Y', 'jommarn', '2021-07-06 09:39:46', 'jommarn', '2021-07-06 09:39:46', 0),
	(92, '2', 'B', 2, 'Y', 'jommarn', '2021-07-06 09:39:46', 'jommarn', '2021-07-06 09:39:46', 0),
	(93, '3', 'B', 3, 'Y', 'jommarn', '2021-07-06 09:39:46', 'jommarn', '2021-07-06 09:39:46', 0),
	(94, '4', 'B', 4, 'Y', 'jommarn', '2021-07-06 09:39:46', 'jommarn', '2021-07-06 09:39:46', 0),
	(95, '5', 'B', 5, 'Y', 'jommarn', '2021-07-06 09:39:46', 'jommarn', '2021-07-06 09:39:46', 0),
	(96, '6', 'B', 6, 'Y', 'jommarn', '2021-07-06 09:39:46', 'jommarn', '2021-07-06 09:39:46', 0),
	(97, '7', 'B', 7, 'Y', 'jommarn', '2021-07-06 09:39:46', 'jommarn', '2021-07-06 09:39:46', 0),
	(98, '8', 'B', 8, 'Y', 'jommarn', '2021-07-06 09:39:46', 'jommarn', '2021-07-06 09:39:46', 0),
	(99, '9', 'B', 9, 'Y', 'jommarn', '2021-07-06 09:39:46', 'jommarn', '2021-07-06 09:39:46', 0),
	(100, '10', 'B', 10, 'Y', 'jommarn', '2021-07-06 09:39:46', 'jommarn', '2021-07-06 09:39:46', 0),
	(101, '11', 'B', 11, 'Y', 'jommarn', '2021-07-06 09:39:46', 'jommarn', '2021-07-06 09:39:46', 0),
	(102, '12', 'B', 12, 'Y', 'jommarn', '2021-07-06 09:39:46', 'jommarn', '2021-07-06 09:39:46', 0),
	(103, '13', 'B', 13, 'Y', 'jommarn', '2021-07-06 09:39:46', 'jommarn', '2021-07-06 09:39:46', 0),
	(104, '14', 'B', 14, 'Y', 'jommarn', '2021-07-06 09:39:46', 'jommarn', '2021-07-06 09:39:46', 0),
	(105, '15', 'B', 15, 'Y', 'jommarn', '2021-07-06 09:39:46', 'jommarn', '2021-07-06 09:39:46', 0),
	(106, '16', 'B', 16, 'Y', 'jommarn', '2021-07-06 09:39:46', 'jommarn', '2021-07-06 09:39:46', 0),
	(107, '17', 'B', 17, 'Y', 'jommarn', '2021-07-06 09:39:46', 'jommarn', '2021-07-06 09:39:46', 0),
	(108, '18', 'B', 18, 'Y', 'jommarn', '2021-07-06 09:39:46', 'jommarn', '2021-07-06 09:39:46', 0),
	(109, '19', 'B', 19, 'Y', 'jommarn', '2021-07-06 09:39:46', 'jommarn', '2021-07-06 09:39:46', 0),
	(110, '20', 'B', 20, 'Y', 'jommarn', '2021-07-06 09:39:46', 'jommarn', '2021-07-06 09:39:46', 0),
	(111, '21', 'B', 21, 'Y', 'jommarn', '2021-07-06 09:39:46', 'jommarn', '2021-07-06 09:39:46', 0),
	(112, '22', 'B', 22, 'Y', 'jommarn', '2021-07-06 09:39:46', 'jommarn', '2021-07-06 09:39:46', 0),
	(113, '23', 'B', 23, 'Y', 'jommarn', '2021-07-06 09:39:46', 'jommarn', '2021-07-06 09:39:46', 0),
	(114, '24', 'B', 24, 'Y', 'jommarn', '2021-07-06 09:39:46', 'jommarn', '2021-07-06 09:39:46', 0),
	(115, '25', 'B', 25, 'Y', 'jommarn', '2021-07-06 09:39:46', 'jommarn', '2021-07-06 09:39:46', 0),
	(116, '26', 'B', 26, 'Y', 'jommarn', '2021-07-06 09:39:46', 'jommarn', '2021-07-06 09:39:46', 0),
	(117, '27', 'B', 27, 'Y', 'jommarn', '2021-07-06 09:39:46', 'jommarn', '2021-07-06 09:39:46', 0),
	(118, '28', 'B', 28, 'Y', 'jommarn', '2021-07-06 09:39:46', 'jommarn', '2021-07-06 09:39:46', 0),
	(119, '29', 'B', 29, 'Y', 'jommarn', '2021-07-06 09:39:46', 'jommarn', '2021-07-06 09:39:46', 0),
	(120, '30', 'B', 30, 'Y', 'jommarn', '2021-07-06 09:39:46', 'jommarn', '2021-07-06 09:39:46', 0),
	(121, '1', 'O', 1, 'Y', 'jommarn', '2021-07-06 09:39:46', 'jommarn', '2021-07-06 09:39:46', 0),
	(122, '2', 'O', 2, 'Y', 'jommarn', '2021-07-06 09:39:46', 'jommarn', '2021-07-06 09:39:46', 0),
	(123, '3', 'O', 3, 'Y', 'jommarn', '2021-07-06 09:39:46', 'jommarn', '2021-07-06 09:39:46', 0),
	(124, '4', 'O', 4, 'Y', 'jommarn', '2021-07-06 09:39:46', 'jommarn', '2021-07-06 09:39:46', 0),
	(125, '5', 'O', 5, 'Y', 'jommarn', '2021-07-06 09:39:46', 'jommarn', '2021-07-06 09:39:46', 0),
	(126, '6', 'O', 6, 'Y', 'jommarn', '2021-07-06 09:39:46', 'jommarn', '2021-07-06 09:39:46', 0),
	(127, '7', 'O', 7, 'Y', 'jommarn', '2021-07-06 09:39:46', 'jommarn', '2021-07-06 09:39:46', 0),
	(128, '8', 'O', 8, 'Y', 'jommarn', '2021-07-06 09:39:46', 'jommarn', '2021-07-06 09:39:46', 0),
	(129, '9', 'O', 9, 'Y', 'jommarn', '2021-07-06 09:39:46', 'jommarn', '2021-07-06 09:39:46', 0),
	(130, '10', 'O', 10, 'Y', 'jommarn', '2021-07-06 09:39:46', 'jommarn', '2021-07-06 09:39:46', 0),
	(131, '11', 'O', 11, 'Y', 'jommarn', '2021-07-06 09:39:46', 'jommarn', '2021-07-06 09:39:46', 0),
	(132, '12', 'O', 12, 'Y', 'jommarn', '2021-07-06 09:39:46', 'jommarn', '2021-07-06 09:39:46', 0),
	(133, '13', 'O', 13, 'Y', 'jommarn', '2021-07-06 09:39:46', 'jommarn', '2021-07-06 09:39:46', 0),
	(134, '14', 'O', 14, 'Y', 'jommarn', '2021-07-06 09:39:46', 'jommarn', '2021-07-06 09:39:46', 0),
	(135, '15', 'O', 15, 'Y', 'jommarn', '2021-07-06 09:39:46', 'jommarn', '2021-07-06 09:39:46', 0),
	(136, '16', 'O', 16, 'Y', 'jommarn', '2021-07-06 09:39:46', 'jommarn', '2021-07-06 09:39:46', 0),
	(137, '17', 'O', 17, 'Y', 'jommarn', '2021-07-06 09:39:46', 'jommarn', '2021-07-06 09:39:46', 0),
	(138, '18', 'O', 18, 'Y', 'jommarn', '2021-07-06 09:39:46', 'jommarn', '2021-07-06 09:39:46', 0),
	(139, '19', 'O', 19, 'Y', 'jommarn', '2021-07-06 09:39:46', 'jommarn', '2021-07-06 09:39:46', 0),
	(140, '20', 'O', 20, 'Y', 'jommarn', '2021-07-06 09:39:46', 'jommarn', '2021-07-06 09:39:46', 0),
	(141, '21', 'O', 21, 'Y', 'jommarn', '2021-07-06 09:39:46', 'jommarn', '2021-07-06 09:39:46', 0),
	(142, '22', 'O', 22, 'Y', 'jommarn', '2021-07-06 09:39:46', 'jommarn', '2021-07-06 09:39:46', 0),
	(143, '23', 'O', 23, 'Y', 'jommarn', '2021-07-06 09:39:46', 'jommarn', '2021-07-06 09:39:46', 0),
	(144, '24', 'O', 24, 'Y', 'jommarn', '2021-07-06 09:39:46', 'jommarn', '2021-07-06 09:39:46', 0),
	(145, '25', 'O', 25, 'Y', 'jommarn', '2021-07-06 09:39:46', 'jommarn', '2021-07-06 09:39:46', 0),
	(146, '26', 'O', 26, 'Y', 'jommarn', '2021-07-06 09:39:46', 'jommarn', '2021-07-06 09:39:46', 0),
	(147, '27', 'O', 27, 'Y', 'jommarn', '2021-07-06 09:39:46', 'jommarn', '2021-07-06 09:39:46', 0),
	(148, '28', 'O', 28, 'Y', 'jommarn', '2021-07-06 09:39:46', 'jommarn', '2021-07-06 09:39:46', 0),
	(149, '29', 'O', 29, 'Y', 'jommarn', '2021-07-06 09:39:46', 'jommarn', '2021-07-06 09:39:46', 0),
	(150, '30', 'O', 30, 'Y', 'jommarn', '2021-07-06 09:39:46', 'jommarn', '2021-07-06 09:39:46', 0);

CREATE TABLE IF NOT EXISTS `opd_er_bed_type` (
  `bed_type` VARCHAR(10) NOT NULL,
  `bed_type_name` VARCHAR(100) DEFAULT NULL,
  `bed_type_color` VARCHAR(20) DEFAULT NULL,
  `display_order` INT(5) DEFAULT NULL,
  `active` VARCHAR(1) DEFAULT NULL,
  `create_user` VARCHAR(250) CHARACTER SET tis620 COLLATE 'tis620_thai_ci' NOT NULL,
  `create_datetime` DATETIME NOT NULL,
  `update_user` VARCHAR(250) CHARACTER SET tis620 COLLATE 'tis620_thai_ci' NOT NULL,
  `update_datetime` DATETIME NOT NULL,
  `version` INT(11) NOT NULL,
  PRIMARY KEY (`bed_type`) USING BTREE
) ENGINE=InnoDB DEFAULT CHARSET=utf8mb4 COLLATE=utf8mb4_general_ci ROW_FORMAT=DYNAMIC;

INSERT INTO `opd_er_bed_type` (`bed_type`, `bed_type_name`, `bed_type_color`, `display_order`, `active`, `create_user`, `create_datetime`, `update_user`, `update_datetime`, `version`) VALUES
	('B', 'ฟ้า', '#98c2de', 5, 'Y', 'jommarn', '2021-06-08 20:46:14', 'jommarn', '2021-06-08 20:46:14', 1),
	('G', 'เขียว', '#a3d2a8', 4, 'Y', 'jommarn', '2021-06-08 20:46:14', 'jommarn', '2021-06-08 20:46:14', 1),
	('O', 'ส้ม', '#ff9e5f', 2, 'Y', 'jommarn', '2021-07-06 09:36:25', 'jommarn', '2021-07-06 09:36:25', 0),
	('R', 'แดง', '#e47e7e', 1, 'Y', 'jommarn', '2021-06-08 20:46:14', 'jommarn', '2021-06-08 20:46:14', 1),
	('Y', 'เหลือง', '#e6ce83', 3, 'Y', 'jommarn', '2021-06-08 20:46:14', 'jommarn', '2021-06-08 20:46:14', 1);

CREATE TABLE IF NOT EXISTS `opd_er_consult` (
  `er_consult_id` INT(11) UNSIGNED NOT NULL AUTO_INCREMENT,
  `opd_er_order_master_id` INT(11) UNSIGNED DEFAULT NULL,
  `er_consult_ward` VARCHAR(9) CHARACTER SET tis620 COLLATE 'tis620_thai_ci' DEFAULT NULL,
  `er_consult_date` DATE DEFAULT NULL,
  `er_consult_time` TIME DEFAULT NULL,
  `er_consult_doctor_reply` VARCHAR(7) DEFAULT NULL,
  `er_consult_date_reply` DATE DEFAULT NULL,
  `er_consult_time_reply` TIME DEFAULT NULL,
  `er_consult_doctorcode` VARCHAR(7) DEFAULT NULL,
  `create_user` VARCHAR(250) CHARACTER SET tis620 COLLATE 'tis620_thai_ci' NOT NULL,
  `create_datetime` DATETIME NOT NULL,
  `update_user` VARCHAR(250) CHARACTER SET tis620 COLLATE 'tis620_thai_ci' NOT NULL,
  `update_datetime` DATETIME NOT NULL,
  `version` INT(11) NOT NULL,
  PRIMARY KEY (`er_consult_id`) USING BTREE
) ENGINE=InnoDB DEFAULT CHARSET=utf8mb4 COLLATE=utf8mb4_general_ci ROW_FORMAT=COMPACT;

CREATE TABLE IF NOT EXISTS `opd_er_dch_type` (
  `er_dch_type_id` INT(11) UNSIGNED NOT NULL AUTO_INCREMENT,
  `er_dch_type_name` VARCHAR(255) DEFAULT NULL,
  `display_order` SMALLINT(4) DEFAULT NULL,
  `create_user` VARCHAR(250) CHARACTER SET tis620 COLLATE 'tis620_thai_ci' DEFAULT NULL,
  `create_datetime` DATETIME DEFAULT NULL,
  `update_user` VARCHAR(250) CHARACTER SET tis620 COLLATE 'tis620_thai_ci' DEFAULT NULL,
  `update_datetime` DATETIME DEFAULT NULL,
  `version` SMALLINT(4) DEFAULT NULL,
  PRIMARY KEY (`er_dch_type_id`) USING BTREE
) ENGINE=MyISAM AUTO_INCREMENT=5 DEFAULT CHARSET=utf8mb4 COLLATE=utf8mb4_general_ci ROW_FORMAT=DYNAMIC;

INSERT INTO `opd_er_dch_type` (`er_dch_type_id`, `er_dch_type_name`, `display_order`, `create_user`, `create_datetime`, `update_user`, `update_datetime`, `version`) VALUES
	(1, 'กลับบ้าน', 1, 'jommarn', '2021-09-08 14:47:00', 'jommarn', '2021-09-08 14:47:00', 1),
	(2, 'Admit', 2, 'jommarn', '2021-09-08 14:47:00', 'jommarn', '2021-09-08 14:47:00', 1),
	(3, 'เสียชีวิต', 3, 'jommarn', '2021-09-08 14:47:00', 'jommarn', '2021-09-08 14:47:00', 1),
	(4, 'ส่ง OPD', 4, 'jommarn', '2021-11-04 12:33:28', 'jommarn', '2021-11-04 12:33:28', 1);

CREATE TABLE IF NOT EXISTS `opd_er_document_scan` (
  `opd_er_document_scan_id` INT(11) UNSIGNED NOT NULL AUTO_INCREMENT,
  `opd_er_order_master_id` INT(11) UNSIGNED NOT NULL,
  `opd_er_document_scan` VARCHAR(1) DEFAULT NULL,
  `opd_er_document_scan_doctorcode` VARCHAR(7) DEFAULT NULL,
  `create_user` VARCHAR(250) CHARACTER SET tis620 COLLATE 'tis620_thai_ci' DEFAULT NULL,
  `create_datetime` DATETIME DEFAULT NULL,
  `update_user` VARCHAR(250) CHARACTER SET tis620 COLLATE 'tis620_thai_ci' DEFAULT NULL,
  `update_datetime` DATETIME DEFAULT NULL,
  `version` INT(11) NOT NULL,
  PRIMARY KEY (`opd_er_document_scan_id`) USING BTREE,
  UNIQUE INDEX `opd_er_order_master_id` (`opd_er_order_master_id`) USING BTREE
) ENGINE=InnoDB DEFAULT CHARSET=utf8mb4 COLLATE=utf8mb4_general_ci ROW_FORMAT=COMPACT;

CREATE TABLE IF NOT EXISTS `opd_er_dr_pe` (
  `opd_er_pe_id` INT(11) UNSIGNED NOT NULL AUTO_INCREMENT,
  `opd_er_order_master_id` INT(11) UNSIGNED NOT NULL,
  `arc` VARCHAR(1) DEFAULT NULL,
  `arc_npc_text` VARCHAR(200) DEFAULT NULL,
  `breathing_chest_wall` VARCHAR(200) DEFAULT NULL,
  `breathing_lung` VARCHAR(200) DEFAULT NULL,
  `circulation_shock` VARCHAR(1) DEFAULT NULL,
  `circulation_shock_text` VARCHAR(200) DEFAULT NULL,
  `circulation_other` VARCHAR(1) DEFAULT NULL,
  `circulation_other_text` VARCHAR(200) DEFAULT NULL,
  `circulation_efast_date` DATE DEFAULT NULL,
  `circulation_efast_time` TIME DEFAULT NULL,
  `circulation_doctor` VARCHAR(7) DEFAULT NULL,
  `circulation` VARCHAR(1) DEFAULT NULL,
  `circulation_positive_text` VARCHAR(200) DEFAULT NULL,
  `disability_e` INT(1) DEFAULT NULL,
  `disability_v` VARCHAR(1) DEFAULT NULL,
  `disability_m` INT(1) DEFAULT NULL,
  `disability_pupil_rt` DECIMAL(2,1) DEFAULT NULL,
  `disability_pupil_lt` DECIMAL(2,1) DEFAULT NULL,
  `disability_other` VARCHAR(200) DEFAULT NULL,
  `exposure` VARCHAR(200) DEFAULT NULL,
  `doctor_pe` VARCHAR(7) DEFAULT NULL,
  `create_user` VARCHAR(250) CHARACTER SET tis620 COLLATE 'tis620_thai_ci' DEFAULT NULL,
  `create_datetime` DATETIME DEFAULT NULL,
  `update_user` VARCHAR(250) CHARACTER SET tis620 COLLATE 'tis620_thai_ci' DEFAULT NULL,
  `update_datetime` DATETIME DEFAULT NULL,
  `version` INT(11) NOT NULL,
  PRIMARY KEY (`opd_er_pe_id`) USING BTREE,
  UNIQUE INDEX `opd_er_order_master_id` (`opd_er_order_master_id`) USING BTREE
) ENGINE=InnoDB DEFAULT CHARSET=utf8mb4 COLLATE=utf8mb4_general_ci ROW_FORMAT=COMPACT;

CREATE TABLE IF NOT EXISTS `opd_er_emergency_level` (
  `emergency_level_id` INT(11) UNSIGNED NOT NULL AUTO_INCREMENT,
  `emergency_level_name` VARCHAR(255) DEFAULT NULL,
  `emergency_level_order` SMALLINT(4) DEFAULT NULL,
  `version` SMALLINT(4) DEFAULT NULL,
  `create_user` VARCHAR(250) CHARACTER SET tis620 COLLATE 'tis620_thai_ci' DEFAULT NULL,
  `create_datetime` DATETIME DEFAULT NULL,
  `update_user` VARCHAR(250) CHARACTER SET tis620 COLLATE 'tis620_thai_ci' DEFAULT NULL,
  `update_datetime` DATETIME DEFAULT NULL,
  PRIMARY KEY (`emergency_level_id`) USING BTREE
) ENGINE=MyISAM AUTO_INCREMENT=6 DEFAULT CHARSET=utf8mb4 COLLATE=utf8mb4_general_ci ROW_FORMAT=DYNAMIC;

INSERT INTO `opd_er_emergency_level` (`emergency_level_id`, `emergency_level_name`, `emergency_level_order`, `version`, `create_user`, `create_datetime`, `update_user`, `update_datetime`) VALUES
	(1, 'R', 1, 1, 'cha582', '2021-04-06 18:27:24', 'cha582', '2021-04-06 18:27:24'),
	(2, 'E', 2, 1, 'cha582', '2021-04-06 18:27:24', 'cha582', '2021-04-06 18:27:24'),
	(3, 'U', 3, 1, 'cha582', '2021-04-06 18:27:24', 'cha582', '2021-04-06 18:27:24'),
	(4, 'Semi-U', 4, 1, 'cha582', '2021-04-06 18:27:24', 'cha582', '2021-04-06 18:27:24'),
	(5, 'Non-U', 5, 1, 'cha582', '2021-04-06 18:27:24', 'cha582', '2021-04-06 18:27:24');

CREATE TABLE IF NOT EXISTS `opd_er_focus_list` (
  `fclist_id` INT(11) UNSIGNED NOT NULL AUTO_INCREMENT,
  `smp_id` INT(11) UNSIGNED NOT NULL,
  `focus_id` INT(11) UNSIGNED NOT NULL,
  `focus_text` TEXT DEFAULT NULL,
  `goal_id` TEXT DEFAULT NULL,
  `goal_text` TEXT DEFAULT NULL,
  `fclist_stdate` DATE DEFAULT NULL,
  `fclist_sttime` TIME NOT NULL,
  `fclist_enddate` DATE DEFAULT NULL,
  `fclist_endtime` TIME DEFAULT NULL,
  `fclist_status` VARCHAR(1) NOT NULL,
  `opd_er_order_master_id` INT(11) UNSIGNED NOT NULL,
  `create_user` VARCHAR(250) CHARACTER SET tis620 COLLATE 'tis620_thai_ci' NOT NULL,
  `create_datetime` DATETIME NOT NULL,
  `update_user` VARCHAR(250) CHARACTER SET tis620 COLLATE 'tis620_thai_ci' DEFAULT NULL,
  `update_datetime` DATETIME DEFAULT NULL,
  `version` INT(11) NOT NULL,
  PRIMARY KEY (`fclist_id`) USING BTREE,
  INDEX `opd_er_order_master_id` (`opd_er_order_master_id`) USING BTREE
) ENGINE=InnoDB DEFAULT CHARSET=utf8mb4 COLLATE=utf8mb4_general_ci ROW_FORMAT=COMPACT;

CREATE TABLE IF NOT EXISTS `opd_er_focus_list_goal_item` (
  `fclist_item_id` INT(11) UNSIGNED NOT NULL AUTO_INCREMENT,
  `fclist_id` INT(11) UNSIGNED DEFAULT NULL,
  `goal_id` INT(11) UNSIGNED DEFAULT NULL,
  `create_user` VARCHAR(250) CHARACTER SET tis620 COLLATE 'tis620_thai_ci' NOT NULL,
  `create_datetime` DATETIME NOT NULL,
  `update_user` VARCHAR(250) CHARACTER SET tis620 COLLATE 'tis620_thai_ci' NOT NULL,
  `update_datetime` DATETIME NOT NULL,
  `version` INT(11) NOT NULL,
  PRIMARY KEY (`fclist_item_id`) USING BTREE,
  UNIQUE INDEX `fclist_goal` (`fclist_id`,`goal_id`) USING BTREE,
  INDEX `consult_id` (`fclist_id`) USING BTREE
) ENGINE=InnoDB DEFAULT CHARSET=utf8mb4 COLLATE=utf8mb4_general_ci ROW_FORMAT=COMPACT;

CREATE TABLE IF NOT EXISTS `opd_er_focus_note` (
  `fcnote_id` INT(11) UNSIGNED NOT NULL AUTO_INCREMENT,
  `general_symptoms` TEXT DEFAULT NULL,
  `fclist_id` INT(11) UNSIGNED DEFAULT NULL,
  `assessment` TEXT DEFAULT NULL,
  `intvt_id` TEXT DEFAULT NULL,
  `intvt_text` TEXT DEFAULT NULL,
  `evalution` TEXT DEFAULT NULL,
  `dlc_id` TEXT DEFAULT NULL,
  `dlc_text` TEXT DEFAULT NULL,
  `other` TEXT DEFAULT NULL,
  `opd_er_order_master_id` INT(11) UNSIGNED DEFAULT NULL,
  `fcnote_date` DATE DEFAULT NULL,
  `fcnote_time` TIME DEFAULT NULL,
  `fcnote_patient_type` VARCHAR(2) DEFAULT NULL,
  `create_user` VARCHAR(250) CHARACTER SET tis620 COLLATE 'tis620_thai_ci' DEFAULT NULL,
  `create_datetime` DATETIME DEFAULT NULL,
  `update_user` VARCHAR(250) CHARACTER SET tis620 COLLATE 'tis620_thai_ci' DEFAULT NULL,
  `update_datetime` DATETIME DEFAULT NULL,
  `version` INT(11) DEFAULT NULL,
  PRIMARY KEY (`fcnote_id`) USING BTREE,
  INDEX `opd_er_order_master_id` (`opd_er_order_master_id`) USING BTREE,
  INDEX `fclist_id` (`fclist_id`) USING BTREE,
  INDEX `fcnote_date` (`fcnote_date`) USING BTREE
) ENGINE=InnoDB DEFAULT CHARSET=utf8mb4 COLLATE=utf8mb4_general_ci ROW_FORMAT=COMPACT;

CREATE TABLE IF NOT EXISTS `opd_er_focus_note_dlc_item` (
  `fcnote_dlc_item_id` INT(11) UNSIGNED NOT NULL AUTO_INCREMENT,
  `fcnote_id` INT(11) UNSIGNED DEFAULT NULL,
  `dlc_id` INT(11) UNSIGNED DEFAULT NULL,
  `create_user` VARCHAR(250) CHARACTER SET tis620 COLLATE 'tis620_thai_ci' NOT NULL,
  `create_datetime` DATETIME NOT NULL,
  `update_user` VARCHAR(250) CHARACTER SET tis620 COLLATE 'tis620_thai_ci' NOT NULL,
  `update_datetime` DATETIME NOT NULL,
  `version` INT(11) NOT NULL,
  PRIMARY KEY (`fcnote_dlc_item_id`) USING BTREE,
  UNIQUE INDEX `fcnote_dlc` (`fcnote_id`,`dlc_id`) USING BTREE,
  INDEX `consult_id` (`fcnote_id`) USING BTREE
) ENGINE=InnoDB DEFAULT CHARSET=utf8mb4 COLLATE=utf8mb4_general_ci ROW_FORMAT=COMPACT;

CREATE TABLE IF NOT EXISTS `opd_er_focus_note_intvt_item` (
  `fcnote_intvt_item_id` INT(11) UNSIGNED NOT NULL AUTO_INCREMENT,
  `fcnote_id` INT(11) UNSIGNED DEFAULT NULL,
  `intvt_id` INT(11) UNSIGNED DEFAULT NULL,
  `create_user` VARCHAR(250) CHARACTER SET tis620 COLLATE 'tis620_thai_ci' NOT NULL,
  `create_datetime` DATETIME NOT NULL,
  `update_user` VARCHAR(250) CHARACTER SET tis620 COLLATE 'tis620_thai_ci' NOT NULL,
  `update_datetime` DATETIME NOT NULL,
  `version` INT(11) NOT NULL,
  PRIMARY KEY (`fcnote_intvt_item_id`) USING BTREE,
  UNIQUE INDEX `fcnote_intvt` (`fcnote_id`,`intvt_id`) USING BTREE,
  INDEX `consult_id` (`fcnote_id`) USING BTREE
) ENGINE=InnoDB DEFAULT CHARSET=utf8mb4 COLLATE=utf8mb4_general_ci ROW_FORMAT=COMPACT;

CREATE TABLE IF NOT EXISTS `opd_er_io` (
  `opd_er_io_id` INT(11) UNSIGNED NOT NULL AUTO_INCREMENT,
  `opd_er_order_master_id` INT(11) UNSIGNED NOT NULL,
  `opd_er_io_date` DATE NOT NULL,
  `opd_er_io_time` TIME NOT NULL,
  `opd_er_io_parenteral_type` VARCHAR(50) DEFAULT NULL,
  `opd_er_io_parenteral_name` VARCHAR(200) DEFAULT NULL,
  `opd_er_io_parenteral_amount` DECIMAL(6,1) DEFAULT NULL,
  `opd_er_io_parenteral_absorb` DECIMAL(6,1) DEFAULT NULL,
  `opd_er_io_parenteral_carry_forward` DECIMAL(6,1) DEFAULT NULL,
  `opd_er_io_parenteral_remark` TEXT DEFAULT NULL,
  `opd_er_io_oral_name` VARCHAR(200) DEFAULT NULL,
  `opd_er_io_oral_amount` INT(11) DEFAULT NULL,
  `opd_er_io_oral_absorb` INT(11) DEFAULT NULL,
  `opd_er_io_oral_carry_forward` INT(11) DEFAULT NULL,
  `opd_er_io_oral_remark` TEXT DEFAULT NULL,
  `opd_er_io_output_type` VARCHAR(50) DEFAULT NULL,
  `opd_er_io_output_amount` INT(11) DEFAULT NULL,
  `opd_er_io_output_remark` TEXT DEFAULT NULL,
  `create_user` VARCHAR(250) CHARACTER SET tis620 COLLATE 'tis620_thai_ci' NOT NULL,
  `create_datetime` DATETIME NOT NULL,
  `update_user` VARCHAR(250) CHARACTER SET tis620 COLLATE 'tis620_thai_ci' DEFAULT NULL,
  `update_datetime` DATETIME DEFAULT NULL,
  `version` INT(11) NOT NULL,
  PRIMARY KEY (`opd_er_io_id`) USING BTREE,
  INDEX `opd_er_order_master_id` (`opd_er_order_master_id`) USING BTREE,
  INDEX `opd_er_io_date` (`opd_er_io_date`) USING BTREE
) ENGINE=InnoDB DEFAULT CHARSET=utf8mb4 COLLATE=utf8mb4_general_ci ROW_FORMAT=COMPACT;

CREATE TABLE IF NOT EXISTS `opd_er_med_reconciliation` (
  `med_reconciliation_id` INT(11) UNSIGNED NOT NULL AUTO_INCREMENT,
  `opd_er_order_master_id` INT(11) UNSIGNED NOT NULL,
  `pharmacist` VARCHAR(7) CHARACTER SET tis620 COLLATE 'tis620_thai_ci' DEFAULT NULL,
  `note` TEXT DEFAULT NULL,
  `doctor` VARCHAR(7) CHARACTER SET tis620 COLLATE 'tis620_thai_ci' DEFAULT NULL,
  `med_reconciliation_datetime` DATETIME DEFAULT NULL,
  `phamacist_confirm_datetime` DATETIME DEFAULT NULL,
  `doctor_confirm_datetime` DATETIME DEFAULT NULL,
  `create_user` VARCHAR(250) CHARACTER SET tis620 COLLATE 'tis620_thai_ci' NOT NULL,
  `create_datetime` DATETIME NOT NULL,
  `update_user` VARCHAR(250) CHARACTER SET tis620 COLLATE 'tis620_thai_ci' NOT NULL,
  `update_datetime` DATETIME NOT NULL,
  `version` INT(11) NOT NULL,
  PRIMARY KEY (`med_reconciliation_id`) USING BTREE,
  INDEX `opd_er_order_master_id` (`opd_er_order_master_id`) USING BTREE
) ENGINE=InnoDB DEFAULT CHARSET=utf8mb4 COLLATE=utf8mb4_general_ci ROW_FORMAT=COMPACT;

CREATE TABLE IF NOT EXISTS `opd_er_med_reconciliation_item` (
  `med_reconciliation_item_id` INT(11) UNSIGNED NOT NULL AUTO_INCREMENT,
  `med_reconciliation_id` INT(11) UNSIGNED DEFAULT NULL,
  `opd_er_order_master_id` INT(11) UNSIGNED NOT NULL,
  `icode` VARCHAR(7) CHARACTER SET tis620 COLLATE 'tis620_thai_ci' DEFAULT NULL,
  `med_name` VARCHAR(255) DEFAULT NULL,
  `custom_med_name` VARCHAR(255) DEFAULT NULL,
  `receive_from` VARCHAR(255) DEFAULT NULL,
  `receive_date` DATE DEFAULT NULL,
  `old_drugusage` TEXT DEFAULT NULL,
  `changed_drugusage` TEXT DEFAULT NULL,
  `receive_qty` INT(11) DEFAULT NULL,
  `last_dose_taken_time` DATETIME DEFAULT NULL,
  `last_dose_taken_remark` VARCHAR(255) DEFAULT NULL,
  `use` VARCHAR(1) DEFAULT NULL,
  `create_user` VARCHAR(250) CHARACTER SET tis620 COLLATE 'tis620_thai_ci' NOT NULL,
  `create_datetime` DATETIME NOT NULL,
  `update_user` VARCHAR(250) CHARACTER SET tis620 COLLATE 'tis620_thai_ci' NOT NULL,
  `update_datetime` DATETIME NOT NULL,
  `version` INT(11) NOT NULL,
  PRIMARY KEY (`med_reconciliation_item_id`) USING BTREE,
  INDEX `med_reconciliation_id` (`med_reconciliation_id`) USING BTREE
) ENGINE=InnoDB DEFAULT CHARSET=utf8mb4 COLLATE=utf8mb4_general_ci ROW_FORMAT=COMPACT;

CREATE TABLE IF NOT EXISTS `opd_er_nurse_index_action` (
  `action_id` INT(11) UNSIGNED NOT NULL AUTO_INCREMENT,
  `plan_id` INT(11) UNSIGNED DEFAULT NULL,
  `opd_er_order_master_id` INT(11) UNSIGNED NOT NULL,
  `check_datetime` DATETIME DEFAULT NULL,
  `check_person` VARCHAR(7) CHARACTER SET tis620 COLLATE 'tis620_thai_ci' DEFAULT NULL,
  `action_result` TEXT DEFAULT NULL,
  `action_remark` TEXT DEFAULT NULL,
  `action_date` DATE DEFAULT NULL,
  `action_time` TIME DEFAULT NULL,
  `action_report_back` VARCHAR(1) DEFAULT NULL,
  `action_blood_had` VARCHAR(1) DEFAULT NULL,
  `action_person_1` VARCHAR(7) CHARACTER SET tis620 COLLATE 'tis620_thai_ci' DEFAULT NULL,
  `action_person_2` VARCHAR(7) CHARACTER SET tis620 COLLATE 'tis620_thai_ci' DEFAULT NULL,
  `create_user` VARCHAR(250) CHARACTER SET tis620 COLLATE 'tis620_thai_ci' NOT NULL,
  `create_datetime` DATETIME NOT NULL,
  `update_user` VARCHAR(250) CHARACTER SET tis620 COLLATE 'tis620_thai_ci' NOT NULL,
  `update_datetime` DATETIME NOT NULL,
  `version` INT(11) NOT NULL,
  PRIMARY KEY (`action_id`) USING BTREE,
  INDEX `plan_id` (`plan_id`) USING BTREE,
  INDEX `plan_id_action_date` (`plan_id`,`action_date`) USING BTREE,
  INDEX `opd_er_order_master_id_action_date` (`opd_er_order_master_id`,`action_date`) USING BTREE,
  INDEX `action_date_time` (`action_date`,`action_time`) USING BTREE
) ENGINE=InnoDB DEFAULT CHARSET=utf8mb4 COLLATE=utf8mb4_general_ci ROW_FORMAT=COMPACT;

CREATE TABLE IF NOT EXISTS `opd_er_nurse_index_plan` (
  `plan_id` INT(11) UNSIGNED NOT NULL AUTO_INCREMENT,
  `order_item_id` INT(11) UNSIGNED DEFAULT NULL,
  `opd_er_order_master_id` INT(11) UNSIGNED NOT NULL,
  `plan_detail` TEXT DEFAULT NULL,
  `plan_date` DATE DEFAULT NULL,
  `plan_time` TIME DEFAULT NULL,
  `plan_sch_type` VARCHAR(10) DEFAULT NULL,
  `create_user` VARCHAR(250) CHARACTER SET tis620 COLLATE 'tis620_thai_ci' NOT NULL,
  `create_datetime` DATETIME NOT NULL,
  `update_user` VARCHAR(250) CHARACTER SET tis620 COLLATE 'tis620_thai_ci' NOT NULL,
  `update_datetime` DATETIME NOT NULL,
  `version` INT(11) NOT NULL,
  PRIMARY KEY (`plan_id`) USING BTREE,
  INDEX `opd_er_order_master_id_plan_date` (`opd_er_order_master_id`,`plan_date`) USING BTREE,
  INDEX `opd_er_order_master_id` (`opd_er_order_master_id`) USING BTREE,
  INDEX `order_item_id` (`order_item_id`) USING BTREE,
  INDEX `order_item_id_plan_date` (`order_item_id`,`plan_date`) USING BTREE
) ENGINE=InnoDB DEFAULT CHARSET=utf8mb4 COLLATE=utf8mb4_general_ci ROW_FORMAT=COMPACT;

CREATE TABLE IF NOT EXISTS `opd_er_nurse_screening` (
  `opd_er_screening_id` INT(11) UNSIGNED NOT NULL AUTO_INCREMENT,
  `opd_er_order_master_id` INT(11) UNSIGNED NOT NULL,
  `screening_emergency_level` VARCHAR(1) DEFAULT NULL,
  `screening_spclty` VARCHAR(7) DEFAULT NULL,
  `screening_arrive_date` DATE DEFAULT NULL,
  `screening_arrive_time` TIME DEFAULT NULL,
  `screening_date` DATE DEFAULT NULL,
  `screening_time` TIME DEFAULT NULL,
  `screening_report_date` DATE DEFAULT NULL,
  `screening_report_time` TIME DEFAULT NULL,
  `screening_see_doctor_date` DATE DEFAULT NULL,
  `screening_see_doctor_time` TIME DEFAULT NULL,
  `screening_doctor_doctorcode` VARCHAR(7) DEFAULT NULL,
  `screening_nurse_doctorcode` VARCHAR(7) DEFAULT NULL,
  `create_user` VARCHAR(250) CHARACTER SET tis620 COLLATE 'tis620_thai_ci' DEFAULT NULL,
  `create_datetime` DATETIME DEFAULT NULL,
  `update_user` VARCHAR(250) CHARACTER SET tis620 COLLATE 'tis620_thai_ci' DEFAULT NULL,
  `update_datetime` DATETIME DEFAULT NULL,
  `version` INT(11) NOT NULL,
  PRIMARY KEY (`opd_er_screening_id`) USING BTREE,
  UNIQUE INDEX `opd_er_order_master_id` (`opd_er_order_master_id`) USING BTREE
) ENGINE=InnoDB DEFAULT CHARSET=utf8mb4 COLLATE=utf8mb4_general_ci ROW_FORMAT=COMPACT;

CREATE TABLE IF NOT EXISTS `opd_er_order` (
  `order_id` INT(11) UNSIGNED NOT NULL AUTO_INCREMENT,
  `opd_er_order_master_id` INT(11) UNSIGNED NOT NULL,
  `order_date` DATE NOT NULL,
  `order_time` TIME NOT NULL,
  `order_doctor` VARCHAR(7) CHARACTER SET tis620 COLLATE 'tis620_thai_ci' NOT NULL,
  `order_type` VARCHAR(20) NOT NULL COMMENT 'oneday, continuous',
  `order_owner_type` VARCHAR(20) NOT NULL COMMENT 'doctor, nurse, pharmacist',
  `order_confirm` VARCHAR(1) NOT NULL,
  `nurse_order_as` VARCHAR(7) CHARACTER SET tis620 COLLATE 'tis620_thai_ci' DEFAULT NULL,
  `doctor_confirm_time` DATETIME DEFAULT NULL,
  `nurse_accept` VARCHAR(7) CHARACTER SET tis620 COLLATE 'tis620_thai_ci' DEFAULT NULL,
  `nurse_accept_time` DATETIME DEFAULT NULL,
  `pharmacist_accept` VARCHAR(7) CHARACTER SET tis620 COLLATE 'tis620_thai_ci' DEFAULT NULL,
  `pharmacist_accept_time` DATETIME DEFAULT NULL,
  `pharmacist_check` VARCHAR(7) CHARACTER SET tis620 COLLATE 'tis620_thai_ci' DEFAULT NULL,
  `pharmacist_check_time` DATETIME DEFAULT NULL,
  `pharmacist_done` VARCHAR(7) CHARACTER SET tis620 COLLATE 'tis620_thai_ci' DEFAULT NULL,
  `pharmacist_done_time` DATETIME DEFAULT NULL,
  `pharmacist_order_status` VARCHAR(20) DEFAULT NULL,
  `pre_order_id` INT(11) UNSIGNED DEFAULT NULL,
  `pre_order_date` DATE DEFAULT NULL,
  `pre_order_time` TIME DEFAULT NULL,
  `create_user` VARCHAR(250) CHARACTER SET tis620 COLLATE 'tis620_thai_ci' NOT NULL,
  `create_datetime` DATETIME NOT NULL,
  `update_user` VARCHAR(250) CHARACTER SET tis620 COLLATE 'tis620_thai_ci' NOT NULL,
  `update_datetime` DATETIME NOT NULL,
  `version` INT(11) NOT NULL,
  PRIMARY KEY (`order_id`) USING BTREE,
  INDEX `order_date` (`order_date`) USING BTREE,
  INDEX `opd_er_order_master_id` (`opd_er_order_master_id`) USING BTREE,
  INDEX `opd_er_order_master_id_order_date` (`opd_er_order_master_id`,`order_date`) USING BTREE,
  INDEX `order_confirm` (`order_confirm`) USING BTREE
) ENGINE=InnoDB DEFAULT CHARSET=utf8mb4 COLLATE=utf8mb4_general_ci ROW_FORMAT=COMPACT;

CREATE TABLE IF NOT EXISTS `opd_er_order_item` (
  `order_item_id` INT(11) UNSIGNED NOT NULL AUTO_INCREMENT,
  `opd_er_order_master_id` INT(11) UNSIGNED NOT NULL,
  `order_id` INT(11) UNSIGNED DEFAULT NULL,
  `order_item_type` VARCHAR(20) DEFAULT NULL,
  `order_item_detail` TEXT DEFAULT NULL,
  `stat` VARCHAR(1) DEFAULT NULL,
  `off_order_item_id` INT(11) UNSIGNED DEFAULT NULL,
  `icode` VARCHAR(7) CHARACTER SET tis620 COLLATE 'tis620_thai_ci' DEFAULT NULL,
  `med_reconciliation_item_id` INT(11) UNSIGNED DEFAULT NULL,
  `nurse_assign` VARCHAR(20) DEFAULT NULL,
	`first_qty` INT(11) DEFAULT NULL,
	`qty` INT(11) DEFAULT NULL,
  `create_user` VARCHAR(250) CHARACTER SET tis620 COLLATE 'tis620_thai_ci' NOT NULL,
  `create_datetime` DATETIME NOT NULL,
  `update_user` VARCHAR(250) CHARACTER SET tis620 COLLATE 'tis620_thai_ci' NOT NULL,
  `update_datetime` DATETIME NOT NULL,
  `version` INT(11) NOT NULL,
  PRIMARY KEY (`order_item_id`) USING BTREE,
  INDEX `order_id` (`order_id`) USING BTREE,
  INDEX `opd_er_order_master_id` (`opd_er_order_master_id`) USING BTREE,
  INDEX `off_order_item_id` (`off_order_item_id`) USING BTREE,
  INDEX `order_id_order_item_type` (`order_id`,`order_item_type`) USING BTREE,
  INDEX `stat` (`stat`) USING BTREE,
  INDEX `opd_er_order_master_id_off_order_item_id` (`opd_er_order_master_id`,`off_order_item_id`) USING BTREE
) ENGINE=InnoDB DEFAULT CHARSET=utf8mb4 COLLATE=utf8mb4_general_ci ROW_FORMAT=COMPACT;

CREATE TABLE IF NOT EXISTS `opd_er_order_master` (
  `opd_er_order_master_id` INT(11) UNSIGNED NOT NULL AUTO_INCREMENT,
  `order_date` DATE DEFAULT NULL,
  `order_time` TIME DEFAULT NULL,
  `order_doctor` VARCHAR(7) CHARACTER SET tis620 COLLATE 'tis620_thai_ci' NOT NULL,
  `note` TEXT DEFAULT NULL,
  `vn` VARCHAR(13) CHARACTER SET tis620 COLLATE 'tis620_thai_ci' DEFAULT NULL,
  `bedno` INT(11) UNSIGNED DEFAULT NULL,
  `er_patient_status_id` INT(11) UNSIGNED DEFAULT NULL,
  `er_dch_type_id` INT(11) UNSIGNED DEFAULT NULL,
  `discharge_date` DATE DEFAULT NULL,
  `discharge_time` TIME DEFAULT NULL,
  `delete_flag` VARCHAR(1) DEFAULT NULL,
  `create_user` VARCHAR(250) CHARACTER SET tis620 COLLATE 'tis620_thai_ci' NOT NULL,
  `create_datetime` DATETIME NOT NULL,
  `update_user` VARCHAR(250) CHARACTER SET tis620 COLLATE 'tis620_thai_ci' NOT NULL,
  `update_datetime` DATETIME NOT NULL,
  `version` INT(11) NOT NULL,
  PRIMARY KEY (`opd_er_order_master_id`) USING BTREE,
  INDEX `order_date` (`order_date`) USING BTREE,
  INDEX `vn` (`vn`) USING BTREE
) ENGINE=InnoDB DEFAULT CHARSET=utf8mb4 COLLATE=utf8mb4_general_ci ROW_FORMAT=COMPACT;

CREATE TABLE IF NOT EXISTS `opd_er_order_progress_note` (
  `progress_note_id` INT(11) UNSIGNED NOT NULL AUTO_INCREMENT,
  `opd_er_order_master_id` INT(11) UNSIGNED NOT NULL,
  `progress_note_date` DATE NOT NULL,
  `progress_note_time` TIME NOT NULL,
  `progress_note_owner_type` VARCHAR(20) NOT NULL COMMENT 'doctor, nurse, pharmacist',
  `progress_note_doctor` VARCHAR(7) CHARACTER SET tis620 COLLATE 'tis620_thai_ci' NOT NULL,
  `progress_note_enter_datetime` DATETIME DEFAULT NULL,
  `pre_order_progress_note_id` INT(11) UNSIGNED DEFAULT NULL,
  `pre_order_progress_note_date` DATE DEFAULT NULL,
  `pre_order_progress_note_time` TIME DEFAULT NULL,
  `create_user` VARCHAR(250) CHARACTER SET tis620 COLLATE 'tis620_thai_ci' NOT NULL,
  `create_datetime` DATETIME NOT NULL,
  `update_user` VARCHAR(250) CHARACTER SET tis620 COLLATE 'tis620_thai_ci' NOT NULL,
  `update_datetime` DATETIME NOT NULL,
  `version` INT(11) NOT NULL,
  PRIMARY KEY (`progress_note_id`) USING BTREE,
  INDEX `progress_note_date` (`progress_note_date`) USING BTREE,
  INDEX `opd_er_order_master_id` (`opd_er_order_master_id`) USING BTREE,
  INDEX `opd_er_order_master_id_progress_note_date` (`opd_er_order_master_id`,`progress_note_date`) USING BTREE
) ENGINE=InnoDB DEFAULT CHARSET=utf8mb4 COLLATE=utf8mb4_general_ci ROW_FORMAT=COMPACT;

CREATE TABLE IF NOT EXISTS `opd_er_order_progress_note_item` (
  `progress_note_item_id` INT(11) UNSIGNED NOT NULL AUTO_INCREMENT,
  `progress_note_id` INT(11) UNSIGNED DEFAULT NULL,
  `opd_er_order_master_id` INT(11) UNSIGNED DEFAULT NULL,
  `progress_note_item_type` VARCHAR(20) DEFAULT NULL,
  `progress_note_item_detail` TEXT DEFAULT NULL,
  `progress_note_item_detail_2` TEXT DEFAULT NULL,
  `create_user` VARCHAR(250) CHARACTER SET tis620 COLLATE 'tis620_thai_ci' NOT NULL,
  `create_datetime` DATETIME NOT NULL,
  `update_user` VARCHAR(250) CHARACTER SET tis620 COLLATE 'tis620_thai_ci' NOT NULL,
  `update_datetime` DATETIME NOT NULL,
  `version` INT(11) NOT NULL,
  PRIMARY KEY (`progress_note_item_id`) USING BTREE,
  INDEX `progress_note_id` (`progress_note_id`) USING BTREE,
  INDEX `opd_er_order_master_id` (`opd_er_order_master_id`) USING BTREE
) ENGINE=InnoDB DEFAULT CHARSET=utf8mb4 COLLATE=utf8mb4_general_ci ROW_FORMAT=COMPACT;

CREATE TABLE IF NOT EXISTS `opd_er_patient_status` (
  `er_patient_status_id` INT(11) UNSIGNED NOT NULL AUTO_INCREMENT,
  `er_patient_status_name` VARCHAR(255) DEFAULT NULL,
  `er_patient_status_name_pt` VARCHAR(255) DEFAULT NULL,
  `display_order` SMALLINT(4) DEFAULT NULL,
  `create_user` VARCHAR(250) CHARACTER SET tis620 COLLATE 'tis620_thai_ci' DEFAULT NULL,
  `create_datetime` DATETIME DEFAULT NULL,
  `update_user` VARCHAR(250) CHARACTER SET tis620 COLLATE 'tis620_thai_ci' DEFAULT NULL,
  `update_datetime` DATETIME DEFAULT NULL,
  `version` SMALLINT(4) DEFAULT NULL,
  PRIMARY KEY (`er_patient_status_id`) USING BTREE
) ENGINE=MyISAM AUTO_INCREMENT=10 DEFAULT CHARSET=utf8mb4 COLLATE=utf8mb4_general_ci ROW_FORMAT=DYNAMIC;

INSERT INTO `opd_er_patient_status` (`er_patient_status_id`, `er_patient_status_name`, `er_patient_status_name_pt`, `display_order`, `create_user`, `create_datetime`, `update_user`, `update_datetime`, `version`) VALUES
	(1, 'รอตรวจ', 'รอตรวจ', 1, 'jommarn', '2021-06-07 20:21:18', 'jommarn', '2021-06-07 20:21:18', 1),
	(2, 'รอ LAB', 'รอผลเลือด', 2, 'jommarn', '2021-06-07 20:21:18', 'jommarn', '2021-06-07 20:21:18', 1),
	(3, 'รอ X-RAY', 'รอเอ็กซเรย์', 3, 'jommarn', '2021-06-07 20:21:18', 'jommarn', '2021-06-07 20:21:18', 1),
	(4, 'รอ Admit', 'รอนอน รพ.', 6, 'jommarn', '2021-06-07 20:21:18', 'jommarn', '2021-06-07 20:21:18', 1),
	(5, 'Observe', 'สังเกตุอาการ', 7, 'jommarn', '2021-06-07 20:21:18', 'jommarn', '2021-06-07 20:21:18', 1),
	(6, 'รอ Discharge', 'รอกลับบ้าน', 8, 'jommarn', '2021-06-07 20:21:18', 'jommarn', '2021-06-07 20:21:18', 1),
	(7, 'Discharge แล้ว', 'กลับบ้านแล้ว', 9, 'jommarn', '2021-06-07 20:21:18', 'jommarn', '2021-06-07 20:21:18', 1),
	(8, 'รอ CT', 'รอเอ็กซเรย์', 4, 'jommarn', '2021-11-04 12:30:42', 'jommarn', '2021-11-04 12:30:42', 1),
	(9, 'รอ ATK', 'รอตรวจเขื้อ', 5, 'jommarn', '2021-11-04 12:30:42', 'jommarn', '2021-11-04 12:30:42', 1),
  (10, 'Admit แล้ว', 'นอน รพ.แล้ว', 10, 'jommarn', '2021-11-04 12:30:42', 'jommarn', '2021-11-04 12:30:42', 1);

CREATE TABLE IF NOT EXISTS `opd_er_set_fast_track` (
  `set_ft_id` INT(11) UNSIGNED NOT NULL AUTO_INCREMENT,
  `opd_er_order_master_id` INT(11) UNSIGNED DEFAULT NULL,
  `set_ft_date` DATE DEFAULT NULL,
  `set_ft_time` TIME DEFAULT NULL,
  `set_ft_doctorcode` VARCHAR(7) DEFAULT NULL,
  `create_user` VARCHAR(250) CHARACTER SET tis620 COLLATE 'tis620_thai_ci' NOT NULL,
  `create_datetime` DATETIME NOT NULL,
  `update_user` VARCHAR(250) CHARACTER SET tis620 COLLATE 'tis620_thai_ci' NOT NULL,
  `update_datetime` DATETIME NOT NULL,
  `version` INT(11) NOT NULL,
  PRIMARY KEY (`set_ft_id`) USING BTREE,
  UNIQUE INDEX `opd_er_order_master_id` (`opd_er_order_master_id`) USING BTREE
) ENGINE=InnoDB DEFAULT CHARSET=utf8mb4 COLLATE=utf8mb4_general_ci ROW_FORMAT=COMPACT;

CREATE TABLE IF NOT EXISTS `opd_er_vs_vital_sign` (
  `vs_id` INT(11) UNSIGNED NOT NULL AUTO_INCREMENT,
  `action_id` INT(11) UNSIGNED DEFAULT NULL,
  `opd_er_order_master_id` INT(11) UNSIGNED NOT NULL,
  `vs_datetime` DATETIME NOT NULL,
  `bt` DECIMAL(3,1) UNSIGNED DEFAULT NULL,
  `pr` INT(2) UNSIGNED DEFAULT NULL,
  `rr` INT(2) UNSIGNED DEFAULT NULL,
  `respirator` VARCHAR(1) DEFAULT NULL,
  `sbp` INT(3) UNSIGNED DEFAULT 0,
  `dbp` INT(3) UNSIGNED DEFAULT NULL,
  `inotrope` VARCHAR(1) DEFAULT NULL,
  `map` INT(3) DEFAULT NULL,
  `sat` INT(3) UNSIGNED DEFAULT NULL,
  `sat_room_air` INT(3) UNSIGNED DEFAULT NULL,
  `cvp` VARCHAR(50) DEFAULT NULL,
  `end_co2` INT(2) UNSIGNED DEFAULT NULL,
  `conscious_id` INT(11) UNSIGNED DEFAULT NULL,
  `bw` DECIMAL(7,3) DEFAULT NULL,
  `height` INT(3) DEFAULT NULL,
  `urine` VARCHAR(50) DEFAULT NULL,
  `catheter` VARCHAR(1) DEFAULT NULL,
  `urine_amount` INT(11) UNSIGNED DEFAULT NULL,
  `urine_duration` INT(11) UNSIGNED DEFAULT NULL,
  `feces` VARCHAR(50) DEFAULT NULL,
  `head` DECIMAL(4,1) DEFAULT NULL,
  `t_inc` DECIMAL(3,1) DEFAULT NULL,
  `line_id` INT(11) UNSIGNED DEFAULT NULL,
  `line_no` DECIMAL(3,1) DEFAULT NULL,
  `line_mark` DECIMAL(3,1) DEFAULT NULL,
  `braden` TEXT DEFAULT NULL,
  `pain` INT(2) DEFAULT NULL,
  `eye` INT(1) DEFAULT NULL,
  `verbal` VARCHAR(1) DEFAULT NULL,
  `movement` INT(1) DEFAULT NULL,
  `right_pupil` DECIMAL(2,1) DEFAULT NULL,
  `right_cha_id` INT(11) UNSIGNED DEFAULT NULL,
  `left_pupil` DECIMAL(2,1) DEFAULT NULL,
  `left_cha_id` INT(11) UNSIGNED DEFAULT NULL,
  `va_id` INT(1) UNSIGNED DEFAULT NULL,
  `mass_id` INT(11) UNSIGNED DEFAULT NULL,
  `lt_arm` INT(11) UNSIGNED DEFAULT NULL,
  `lt_leg` INT(11) UNSIGNED DEFAULT NULL,
  `rt_arm` INT(11) UNSIGNED DEFAULT NULL,
  `rt_leg` INT(11) UNSIGNED DEFAULT NULL,
  `severity` INT(1) DEFAULT NULL,
  `had_name` VARCHAR(200) DEFAULT NULL,
  `had_drop` VARCHAR(200) DEFAULT NULL,
  `hct` DECIMAL(4,1) DEFAULT NULL,
  `dtx` VARCHAR(10) DEFAULT NULL,
  `bl` DECIMAL(3,2) DEFAULT NULL,
  `mcb` DECIMAL(4,2) DEFAULT NULL,
  `suction` VARCHAR(1) DEFAULT NULL,
  `nb` VARCHAR(1) DEFAULT NULL,
  `o2_id` INT(11) UNSIGNED DEFAULT NULL,
  `o2_flow` DECIMAL(3,1) DEFAULT NULL,
  `tube_id` INT(11) UNSIGNED DEFAULT NULL,
  `tube_no` DECIMAL(2,1) DEFAULT NULL,
  `tube_mark` DECIMAL(4,2) DEFAULT NULL,
  `ventilator_name` VARCHAR(50) DEFAULT NULL,
  `mode` VARCHAR(50) DEFAULT NULL,
  `tv` INT(3) DEFAULT NULL,
  `pip` INT(2) DEFAULT NULL,
  `r_rate` INT(1) DEFAULT NULL,
  `i_rate` INT(1) DEFAULT NULL,
  `e_rate` INT(1) DEFAULT NULL,
  `ti` DECIMAL(3,2) DEFAULT NULL,
  `ps` INT(1) DEFAULT NULL,
  `fio2` DECIMAL(4,2) DEFAULT NULL,
  `peep` INT(2) DEFAULT NULL,
  `ft` DECIMAL(2,1) DEFAULT NULL,
  `delta_p` INT(2) DEFAULT NULL,
  `o2_map` INT(2) DEFAULT NULL,
  `intake_id` INT(11) UNSIGNED DEFAULT NULL,
  `intake_type` VARCHAR(50) DEFAULT NULL,
  `intake_amount` INT(11) DEFAULT NULL,
  `intake_absorb` INT(11) DEFAULT NULL,
  `other` TEXT DEFAULT NULL,
  `output_id` INT(11) UNSIGNED DEFAULT NULL,
  `output_amount` INT(11) DEFAULT NULL,
  `lr_int` VARCHAR(50) DEFAULT NULL,
  `lr_dur` INT(2) DEFAULT NULL,
  `lr_fsh` INT(3) DEFAULT NULL,
  `lr_sev` VARCHAR(50) DEFAULT NULL,
  `lr_cer` VARCHAR(2) DEFAULT NULL,
  `lr_eff` INT(3) DEFAULT NULL,
  `lr_sta` INT(11) UNSIGNED DEFAULT NULL,
  `lr_mem` INT(11) UNSIGNED DEFAULT NULL,
  `lr_af` VARCHAR(50) DEFAULT NULL,
  `breathing_id` INT(11) UNSIGNED DEFAULT NULL,
  `avpu_id` INT(11) UNSIGNED DEFAULT NULL,
  `gut_feeling_id` INT(11) UNSIGNED DEFAULT NULL,
  `pops_other_id` INT(11) UNSIGNED DEFAULT NULL,
  `wbc` DECIMAL(10,1) DEFAULT NULL,
  `pleak_flow` INT(5) DEFAULT NULL,
  `crt` INT(2) DEFAULT NULL,
  `band` INT(3) DEFAULT NULL,
  `lr_pos` VARCHAR(3) DEFAULT NULL,
  `lr_moulding` INT(11) UNSIGNED DEFAULT NULL,
  `lr_oxytocin_unit` INT(11) UNSIGNED DEFAULT NULL,
  `lr_oxytocin_rate` INT(11) UNSIGNED DEFAULT NULL,
  `lr_urine_vol` INT(11) UNSIGNED DEFAULT NULL,
  `urine_protein` INT(11) UNSIGNED DEFAULT NULL,
  `urine_sugar` INT(11) UNSIGNED DEFAULT NULL,
  `diet` VARCHAR(20) DEFAULT NULL,
  `barthel_index` TEXT UNSIGNED DEFAULT NULL,
  `aggression_oas` TEXT UNSIGNED DEFAULT NULL,
  `alcohol_ciwa` TEXT UNSIGNED DEFAULT NULL,
  `alcohol_aws` TEXT UNSIGNED DEFAULT NULL,
  `amphetamine_awq` TEXT UNSIGNED DEFAULT NULL,
  `motivation_scale` TINYINT(2) UNSIGNED DEFAULT NULL,
  `craving_scale` TINYINT(2) UNSIGNED DEFAULT NULL,
  `stage_of_change_id` INT(11) UNSIGNED DEFAULT NULL,
  `depress_2q` TEXT DEFAULT NULL,
  `depress_9q` TEXT DEFAULT NULL,
  `suicide_8q` TEXT DEFAULT NULL,
  `create_user` VARCHAR(250) CHARACTER SET tis620 COLLATE 'tis620_thai_ci' NOT NULL,
  `create_datetime` DATETIME NOT NULL,
  `update_user` VARCHAR(250) CHARACTER SET tis620 COLLATE 'tis620_thai_ci' NOT NULL,
  `update_datetime` DATETIME NOT NULL,
  `version` INT(11) NOT NULL,
  PRIMARY KEY (`vs_id`) USING BTREE,
  INDEX `action_id` (`action_id`) USING BTREE,
  INDEX `opd_er_order_master_id` (`opd_er_order_master_id`) USING BTREE
) ENGINE=InnoDB DEFAULT CHARSET=utf8mb4 COLLATE=utf8mb4_general_ci ROW_FORMAT=DYNAMIC;

CREATE TABLE IF NOT EXISTS `system_ac_operation` (
  `operation` VARCHAR(100) NOT NULL,
  `operation_desc` VARCHAR(100) DEFAULT NULL,
  `create_user` VARCHAR(250) CHARACTER SET tis620 COLLATE 'tis620_thai_ci' NOT NULL,
  `create_datetime` DATETIME NOT NULL,
  `update_user` VARCHAR(250) CHARACTER SET tis620 COLLATE 'tis620_thai_ci' NOT NULL,
  `update_datetime` DATETIME NOT NULL,
  `version` INT(11) NOT NULL,
  PRIMARY KEY (`operation`) USING BTREE
) ENGINE=InnoDB DEFAULT CHARSET=utf8mb4 COLLATE=utf8mb4_general_ci ROW_FORMAT=DYNAMIC;

INSERT INTO `system_ac_operation` (`operation`, `operation_desc`, `create_user`, `create_datetime`, `update_user`, `update_datetime`, `version`) VALUES
	('ACCEPT', NULL, 'jommarn', '2020-01-18 15:54:41', 'jommarn', '2020-01-18 15:54:41', 0),
	('ACCESS', NULL, 'jommarn', '2020-01-18 15:54:41', 'jommarn', '2020-01-18 15:54:41', 0),
	('ADD', NULL, 'jommarn', '2020-01-18 15:54:41', 'jommarn', '2020-01-18 15:54:41', 0),
	('ALLOW', NULL, 'jommarn', '2020-11-18 10:44:08', 'jommarn', '2020-11-18 10:44:08', 0),
	('CHECK', NULL, 'jommarn', '2022-02-17 16:04:05', 'jommarn', '2022-02-17 16:04:05', 0),
	('CONFIRM', NULL, 'jommarn', '2020-01-18 15:54:41', 'jommarn', '2020-01-18 15:54:41', 0),
	('CONSIDER', NULL, 'jommarn', '2020-11-18 10:44:08', 'jommarn', '2020-11-18 10:44:08', 0),
	('DONE', NULL, 'jommarn', '2020-01-18 15:54:41', 'jommarn', '2020-01-18 15:54:41', 0),
	('EDIT', NULL, 'jommarn', '2020-01-18 15:54:41', 'jommarn', '2020-01-18 15:54:41', 0),
	('EDIT_OWN', NULL, 'jommarn', '2020-01-18 15:54:41', 'jommarn', '2020-01-18 15:54:41', 0),
	('OFF', NULL, 'jommarn', '2020-01-18 15:54:41', 'jommarn', '2020-01-18 15:54:41', 0),
	('PRINT', NULL, 'jommarn', '2020-01-18 15:54:41', 'jommarn', '2020-01-18 15:54:41', 0),
	('REMOVE', NULL, 'jommarn', '2020-01-18 15:54:41', 'jommarn', '2020-01-18 15:54:41', 0),
	('REQUEST', NULL, 'jommarn', '2020-09-28 14:00:10', 'jommarn', '2020-09-28 14:00:10', 0),
	('SHARE', NULL, 'jommarn', '2022-01-24 10:16:40', 'jommarn', '2022-01-24 10:16:40', 0),
	('USE', NULL, 'jommarn', '2020-05-31 14:12:50', 'jommarn', '2020-05-31 14:12:50', 0),
	('VIEW', NULL, 'jommarn', '2020-01-18 15:54:41', 'jommarn', '2020-01-18 15:54:41', 0);

CREATE TABLE IF NOT EXISTS `system_ac_resource` (
  `resource` VARCHAR(100) NOT NULL,
  `resource_desc` VARCHAR(100) DEFAULT NULL,
  `resource_type` VARCHAR(50) DEFAULT NULL,
  `create_user` VARCHAR(250) CHARACTER SET tis620 COLLATE 'tis620_thai_ci' NOT NULL,
  `create_datetime` DATETIME NOT NULL,
  `update_user` VARCHAR(250) CHARACTER SET tis620 COLLATE 'tis620_thai_ci' NOT NULL,
  `update_datetime` DATETIME NOT NULL,
  `version` INT(11) NOT NULL,
  PRIMARY KEY (`resource`) USING BTREE
) ENGINE=InnoDB DEFAULT CHARSET=utf8mb4 COLLATE=utf8mb4_general_ci ROW_FORMAT=DYNAMIC;

INSERT INTO `system_ac_resource` (`resource`, `resource_desc`, `resource_type`, `create_user`, `create_datetime`, `update_user`, `update_datetime`, `version`) VALUES
	('ADMISSION_NOTE', NULL, 'DATA', 'jommarn', '2020-01-18 15:54:41', 'jommarn', '2020-01-18 15:54:41', 0),
	('ADMISSION_NOTE_DRUG_ALLERGY', NULL, 'DATA', 'jommarn', '2022-02-17 16:03:03', 'jommarn', '2022-02-17 16:03:03', 0),
	('CONSENT_FORM', NULL, 'DATA', 'jommarn', '2020-01-18 15:54:41', 'jommarn', '2020-01-18 15:54:41', 0),
	('CONSULT', NULL, 'DATA', 'jommarn', '2020-01-18 15:54:41', 'jommarn', '2020-01-18 15:54:41', 0),
	('DATA_TYPE_AUDITOR', NULL, 'DATA_TYPE', 'jommarn', '2021-11-02 19:12:11', 'jommarn', '2021-11-02 19:12:11', 0),
	('DATA_TYPE_DOCTOR', NULL, 'DATA_TYPE', 'jommarn', '2020-05-31 14:14:03', 'jommarn', '2020-05-31 14:14:03', 0),
	('DATA_TYPE_NURSE', NULL, 'DATA_TYPE', 'jommarn', '2020-05-31 14:14:03', 'jommarn', '2020-05-31 14:14:03', 0),
	('DATA_TYPE_OTHER', NULL, 'DATA_TYPE', 'jommarn', '2020-05-31 14:14:03', 'jommarn', '2020-05-31 14:14:03', 0),
	('DATA_TYPE_PHARMACY', NULL, 'DATA_TYPE', 'jommarn', '2020-05-31 14:14:03', 'jommarn', '2020-05-31 14:14:03', 0),
	('DATA_TYPE_PHYSIOLOGIST', NULL, 'DATA_TYPE', 'jommarn', '2020-05-31 14:14:03', 'jommarn', '2020-05-31 14:14:03', 0),
	('DATA_TYPE_XRAY', NULL, 'DATA_TYPE', 'jommarn', '2020-05-31 14:14:03', 'jommarn', '2020-05-31 14:14:03', 0),
	('EMR', NULL, 'DATA', 'jommarn', '2020-01-18 15:54:41', 'jommarn', '2020-01-18 15:54:41', 0),
	('FOOD_ORDER', NULL, 'PROGRAM', 'jommarn', '2020-01-18 15:54:41', 'jommarn', '2020-01-18 15:54:41', 0),
	('IO', NULL, 'DATA', 'jommarn', '2020-01-18 15:54:41', 'jommarn', '2020-01-18 15:54:41', 0),
	('IPD_DISCHARGE_SUMMARY', NULL, 'DATA', 'cha582', '2020-03-02 16:14:01', 'cha582', '2020-03-02 16:14:01', 0),
	('IPD_DOCTOR_CONSULT', NULL, 'DATA', 'cha582', '2021-01-31 15:53:17', 'cha582', '2021-01-31 15:53:17', 0),
	('IPD_DOCTOR_INCHARGE', NULL, 'DATA', 'jommarn', '2020-01-18 15:54:41', 'jommarn', '2020-01-18 15:54:41', 0),
	('IPD_DOCTOR_MAIN_PROGRAM', NULL, 'PROGRAM', 'jommarn', '2020-01-18 15:54:41', 'jommarn', '2020-01-18 15:54:41', 0),
	('IPD_DOCUMENT', NULL, 'DATA', 'cha582', '2021-07-19 14:03:15', 'cha582', '2021-07-19 14:03:20', 0),
	('IPD_LAB_READ', NULL, 'DATA', 'jommarn', '2020-07-25 14:53:57', 'jommarn', '2020-07-25 14:53:57', 0),
	('IPD_NURSE_ADDMISSION_NOTE', NULL, 'DATA', 'cha582', '2020-05-31 13:31:27', 'cha582', '2020-05-31 13:31:39', 0),
	('IPD_NURSE_INDEX', NULL, 'DATA', 'jommarn', '2020-01-18 15:54:41', 'jommarn', '2020-01-18 15:54:41', 0),
	('IPD_NURSE_INDEX_NOTE', NULL, 'DATA', 'jommarn', '2020-07-25 14:58:02', 'jommarn', '2020-07-25 14:58:02', 0),
	('IPD_NURSE_MAIN_PROGRAM', NULL, 'PROGRAM', 'jommarn', '2020-01-18 15:54:41', 'jommarn', '2020-01-18 15:54:41', 0),
	('IPD_NURSE_NOTE', NULL, 'DATA', 'jommarn', '2020-01-18 15:54:41', 'jommarn', '2020-01-18 15:54:41', 0),
	('IPD_ORDER', NULL, 'DATA', 'jommarn', '2020-01-18 15:54:41', 'jommarn', '2020-01-18 15:54:41', 0),
	('IPD_ORDER_TEMPLATE', NULL, 'DATA', 'jommarn', '2022-01-24 10:17:59', 'jommarn', '2022-01-24 10:17:59', 0),
	('IPD_OTHER_ORDER_MAIN_PROGRAM', NULL, 'PROGRAM', 'jommarn', '2020-05-19 20:42:06', 'jommarn', '2020-05-19 20:42:06', 0),
	('IPD_PHARMACY_ORDER_MAIN_PROGRAM', NULL, 'PROGRAM', 'jommarn', '2020-01-18 15:54:41', 'jommarn', '2020-01-18 15:54:41', 0),
	('LAB', NULL, 'DATA', 'jommarn', '2020-01-18 15:54:41', 'jommarn', '2020-01-18 15:54:41', 0),
	('MED_RECONCILIATION', NULL, 'DATA', 'jommarn', '2020-01-18 15:54:41', 'jommarn', '2020-01-18 15:54:41', 0),
	('NURSING_PROGRESSNOTE_TEMPLATE', NULL, 'DATA', 'cha582', '2022-03-19 18:41:01', 'cha582', '2022-03-19 18:41:01', 0),
	('OPD_ER_DOCTOR_PROGRAM', NULL, 'PROGRAM', 'jommarn', '2021-07-21 16:15:30', 'jommarn', '2021-07-21 16:15:30', 0),
  ('OPD_ER_DOCUMENT', NULL, 'DATA', 'jommarn', '2021-07-21 16:15:30', 'jommarn', '2021-07-21 16:15:30', 0),
	('OPD_ER_IO', NULL, 'DATA', 'jommarn', '2021-07-21 16:15:30', 'jommarn', '2021-07-21 16:15:30', 0),
	('OPD_ER_MEDICAL_HISTORY', NULL, 'DATA', 'cha582', '2022-01-11 14:08:40', 'cha582', '2022-01-11 14:08:40', 0),
	('OPD_ER_NURSE_ADDMISSION_NOTE', NULL, 'DATA', 'jommarn', '2021-07-21 16:15:30', 'jommarn', '2021-07-21 16:15:30', 0),
	('OPD_ER_NURSE_FOCUS_LIST', NULL, 'DATA', 'cha582', '2022-01-11 14:20:32', 'cha582', '2022-01-11 14:20:32', 0),
	('OPD_ER_NURSE_FOCUS_NOTE', NULL, 'DATA', 'cha582', '2022-01-11 14:23:15', 'cha582', '2022-01-11 14:23:15', 0),
	('OPD_ER_NURSE_INDEX', NULL, 'DATA', 'jommarn', '2021-07-21 16:15:30', 'jommarn', '2021-07-21 16:15:30', 0),
	('OPD_ER_NURSE_INDEX_NOTE', NULL, 'DATA', 'jommarn', '2021-07-21 16:15:30', 'jommarn', '2021-07-21 16:15:30', 0),
	('OPD_ER_NURSE_NOTE', NULL, 'DATA', 'jommarn', '2021-07-21 16:15:30', 'jommarn', '2021-07-21 16:15:30', 0),
	('OPD_ER_NURSE_PROGRAM', NULL, 'PROGRAM', 'jommarn', '2021-07-21 16:15:30', 'jommarn', '2021-07-21 16:15:30', 0),
	('OPD_ER_ORDER', NULL, 'DATA', 'jommarn', '2021-07-21 16:15:30', 'jommarn', '2021-07-21 16:15:30', 0),
	('OPD_ER_OTHER_ORDER_PROGRAM', NULL, 'PROGRAM', 'jommarn', '2021-07-21 16:15:30', 'jommarn', '2021-07-21 16:15:30', 0),
	('OPD_ER_PHARMACY_ORDER_PROGRAM', NULL, 'PROGRAM', 'jommarn', '2021-07-21 16:15:30', 'jommarn', '2021-07-21 16:15:30', 0),
	('OPD_ER_PROGRESS_NOTE', NULL, 'DATA', 'jommarn', '2021-07-21 16:15:30', 'jommarn', '2021-07-21 16:15:30', 0),
	('OPD_ER_VITAL_SIGN', NULL, 'DATA', 'jommarn', '2021-07-21 16:15:30', 'jommarn', '2021-07-21 16:15:30', 0),
	('OPERATION', NULL, 'DATA', 'jommarn', '2020-01-18 15:54:41', 'jommarn', '2020-01-18 15:54:41', 0),
	('PROGRESS_NOTE', NULL, 'DATA', 'jommarn', '2020-01-18 15:54:41', 'jommarn', '2020-01-18 15:54:41', 0),
	('SCAN_DOCUMENT', NULL, 'PROGRAM', 'jommarn', '2020-01-18 15:54:41', 'jommarn', '2020-01-18 15:54:41', 0),
	('SYSTEM_AC_OPD_USER', NULL, 'DATA', 'sir871', '2022-03-10 11:27:26', 'sir871', '2022-03-10 11:27:26', 0),
	('SYSTEM_AC_PERMISSION', NULL, 'DATA', 'sir871', '2022-03-08 10:23:34', 'sir871', '2022-03-08 10:23:34', 0),
  ('SYSTEM_AC_REPORT', NULL, 'DATA', 'sir871', '2022-03-10 11:27:26', 'sir871', '2022-03-10 11:27:26', 0),
	('SYSTEM_AC_ROLE', NULL, 'DATA', 'sir871', '2022-03-08 10:23:34', 'sir871', '2022-03-08 10:23:34', 0),
	('SYSTEM_AC_ROLE_PERMISSION', NULL, 'DATA', 'sir871', '2022-03-08 19:37:29', 'sir871', '2022-03-08 19:37:29', 0),
	('SYSTEM_AC_ROLE_USER', NULL, 'DATA', 'sir871', '2022-03-08 19:37:29', 'sir871', '2022-03-08 19:37:29', 0),
	('VITAL_SIGN', NULL, 'DATA', 'jommarn', '2020-01-18 15:54:41', 'jommarn', '2020-01-18 15:54:41', 0),
	('XRAY', NULL, 'DATA', 'jommarn', '2020-01-18 15:54:41', 'jommarn', '2020-01-18 15:54:41', 0);

CREATE TABLE IF NOT EXISTS `system_ac_permission` (
  `permission` VARCHAR(100) NOT NULL,
  `resource` VARCHAR(100) DEFAULT NULL,
  `operation` VARCHAR(100) DEFAULT NULL,
  `create_user` VARCHAR(250) CHARACTER SET tis620 COLLATE 'tis620_thai_ci' NOT NULL,
  `create_datetime` DATETIME NOT NULL,
  `update_user` VARCHAR(250) CHARACTER SET tis620 COLLATE 'tis620_thai_ci' NOT NULL,
  `update_datetime` DATETIME NOT NULL,
  `version` INT(11) NOT NULL,
  PRIMARY KEY (`permission`) USING BTREE,
  UNIQUE INDEX `resource` (`resource`,`operation`) USING BTREE,
  INDEX `system_ac_permission_ibfk_2` (`operation`) USING BTREE,
  CONSTRAINT `system_ac_permission_ibfk_1` FOREIGN KEY (`resource`) REFERENCES `system_ac_resource` (`resource`) ON UPDATE CASCADE,
  CONSTRAINT `system_ac_permission_ibfk_2` FOREIGN KEY (`operation`) REFERENCES `system_ac_operation` (`operation`) ON UPDATE CASCADE
) ENGINE=InnoDB DEFAULT CHARSET=utf8mb4 COLLATE=utf8mb4_general_ci ROW_FORMAT=DYNAMIC;

INSERT INTO `system_ac_permission` (`permission`, `resource`, `operation`, `create_user`, `create_datetime`, `update_user`, `update_datetime`, `version`) VALUES
	('ADMISSION_NOTE_ADD', 'ADMISSION_NOTE', 'ADD', 'pat580', '2020-03-12 17:49:30', 'pat580', '2020-03-12 17:49:30', 0),
	('ADMISSION_NOTE_DRUG_ALLERGY_CHECK', 'ADMISSION_NOTE_DRUG_ALLERGY', 'CHECK', 'jommarn', '2022-02-17 16:11:05', 'jommarn', '2022-02-17 16:11:05', 0),
	('ADMISSION_NOTE_EDIT', 'ADMISSION_NOTE', 'EDIT', 'pat580', '2020-03-12 17:49:30', 'pat580', '2020-03-12 17:49:30', 0),
	('ADMISSION_NOTE_REMOVE', 'ADMISSION_NOTE', 'REMOVE', 'pat580', '2020-03-12 17:49:30', 'pat580', '2020-03-12 17:49:30', 0),
	('ADMISSION_NOTE_VIEW', 'ADMISSION_NOTE', 'VIEW', 'pat580', '2020-03-12 17:49:30', 'pat580', '2020-03-12 17:49:30', 0),
	('DATA_TYPE_AUDITOR_USE', 'DATA_TYPE_AUDITOR', 'USE', 'jommarn', '2021-11-02 19:13:22', 'jommarn', '2021-11-02 19:13:22', 0),
	('DATA_TYPE_DOCTOR_USE', 'DATA_TYPE_DOCTOR', 'USE', 'jommarn', '2020-05-31 14:45:34', 'jommarn', '2020-05-31 14:45:34', 0),
	('DATA_TYPE_NURSE_USE', 'DATA_TYPE_NURSE', 'USE', 'jommarn', '2020-05-31 14:45:34', 'jommarn', '2020-05-31 14:45:34', 0),
	('DATA_TYPE_OTHER_USE', 'DATA_TYPE_OTHER', 'USE', 'jommarn', '2020-05-31 14:45:34', 'jommarn', '2020-05-31 14:45:34', 0),
	('DATA_TYPE_PHARMACY_USE', 'DATA_TYPE_PHARMACY', 'USE', 'jommarn', '2020-05-31 14:45:34', 'jommarn', '2020-05-31 14:45:34', 0),
	('DATA_TYPE_PHYSIOLOGIST_USE', 'DATA_TYPE_PHYSIOLOGIST', 'USE', 'jommarn', '2020-05-31 14:45:34', 'jommarn', '2020-05-31 14:45:34', 0),
	('DATA_TYPE_XRAY_USE', 'DATA_TYPE_XRAY', 'USE', 'jommarn', '2020-05-31 14:45:34', 'jommarn', '2020-05-31 14:45:34', 0),
	('EMR_VIEW', 'EMR', 'VIEW', 'jommarn', '2020-01-18 15:54:41', 'jommarn', '2020-01-18 15:54:41', 0),
	('FOOD_ORDER_ACCESS', 'FOOD_ORDER', 'ACCESS', 'jommarn', '2020-01-18 15:54:41', 'jommarn', '2020-01-18 15:54:41', 0),
	('IO_ADD', 'IO', 'ADD', 'cha582', '2020-03-02 15:19:10', 'cha582', '2020-03-02 15:19:13', 0),
	('IO_EDIT', 'IO', 'EDIT', 'jommarn', '2020-01-18 15:54:41', 'jommarn', '2020-01-18 15:54:41', 0),
	('IO_PRINT', 'IO', 'PRINT', 'cha582', '2020-11-25 09:26:11', 'cha582', '2020-11-25 09:26:17', 0),
	('IO_REMOVE', 'IO', 'REMOVE', 'cha582', '2020-03-02 15:21:01', 'cha582', '2020-03-02 15:21:04', 0),
	('IO_VIEW', 'IO', 'VIEW', 'jommarn', '2020-01-18 15:54:41', 'jommarn', '2020-01-18 15:54:41', 0),
	('IPD_DISCHARGE_SUMMARY_ADD', 'IPD_DISCHARGE_SUMMARY', 'ADD', 'cha582', '2020-03-02 16:15:15', 'cha582', '2020-03-02 16:15:15', 0),
	('IPD_DISCHARGE_SUMMARY_EDIT', 'IPD_DISCHARGE_SUMMARY', 'EDIT', 'cha582', '2020-03-02 16:20:34', 'cha582', '2020-03-02 16:20:34', 0),
	('IPD_DISCHARGE_SUMMARY_REMOVE', 'IPD_DISCHARGE_SUMMARY', 'REMOVE', 'cha582', '2020-03-02 16:22:25', 'cha582', '2020-03-02 16:22:25', 0),
	('IPD_DISCHARGE_SUMMARY_VIEW', 'IPD_DISCHARGE_SUMMARY', 'VIEW', 'cha582', '2020-03-02 16:21:48', 'cha582', '2020-03-02 16:21:48', 0),
	('IPD_DOCTOR_CONSULT_ADD', 'IPD_DOCTOR_CONSULT', 'ADD', 'cha582', '2021-01-31 15:55:29', 'cha582', '2021-01-31 15:55:29', 0),
	('IPD_DOCTOR_CONSULT_EDIT', 'IPD_DOCTOR_CONSULT', 'EDIT', 'cha582', '2021-01-31 15:55:29', 'cha582', '2021-01-31 15:55:29', 0),
	('IPD_DOCTOR_CONSULT_PRINT', 'IPD_DOCTOR_CONSULT', 'PRINT', 'cha582', '2021-03-22 14:30:44', 'cha582', '2021-03-22 14:30:51', 0),
	('IPD_DOCTOR_CONSULT_REMOVE', 'IPD_DOCTOR_CONSULT', 'REMOVE', 'cha582', '2021-01-31 15:55:29', 'cha582', '2021-01-31 15:55:29', 0),
	('IPD_DOCTOR_CONSULT_VIEW', 'IPD_DOCTOR_CONSULT', 'VIEW', 'cha582', '2021-01-31 15:55:29', 'cha582', '2021-01-31 15:55:29', 0),
	('IPD_DOCTOR_INCHARGE_ADD', 'IPD_DOCTOR_INCHARGE', 'ADD', 'jommarn', '2020-03-05 16:03:03', 'jommarn', '2020-03-05 16:03:03', 0),
	('IPD_DOCTOR_INCHARGE_EDIT', 'IPD_DOCTOR_INCHARGE', 'EDIT', 'jommarn', '2020-03-05 16:03:03', 'jommarn', '2020-03-05 16:03:03', 0),
	('IPD_DOCTOR_INCHARGE_REMOVE', 'IPD_DOCTOR_INCHARGE', 'REMOVE', 'jommarn', '2020-03-05 16:03:03', 'jommarn', '2020-03-05 16:03:03', 0),
	('IPD_DOCTOR_INCHARGE_VIEW', 'IPD_DOCTOR_INCHARGE', 'VIEW', 'jommarn', '2020-03-05 16:03:03', 'jommarn', '2020-03-05 16:03:03', 0),
	('IPD_DOCTOR_MAIN_PROGRAM_ACCESS', 'IPD_DOCTOR_MAIN_PROGRAM', 'ACCESS', 'jommarn', '2020-01-18 15:54:41', 'jommarn', '2020-01-18 15:54:41', 0),
	('IPD_DOCUMENT_PRINT', 'IPD_DOCUMENT', 'PRINT', 'cha582', '2021-07-19 14:06:24', 'cha582', '2021-07-19 14:06:31', 0),
	('IPD_LAB_READ_ADD', 'IPD_LAB_READ', 'ADD', 'jommarn', '2020-07-25 19:32:25', 'jommarn', '2020-07-25 19:32:25', 0),
	('IPD_LAB_READ_EDIT', 'IPD_LAB_READ', 'EDIT', 'jommarn', '2020-07-25 19:32:25', 'jommarn', '2020-07-25 19:32:25', 0),
	('IPD_LAB_READ_REMOVE', 'IPD_LAB_READ', 'REMOVE', 'jommarn', '2020-07-25 19:32:25', 'jommarn', '2020-07-25 19:32:25', 0),
	('IPD_LAB_READ_VIEW', 'IPD_LAB_READ', 'VIEW', 'jommarn', '2020-07-25 19:32:25', 'jommarn', '2020-07-25 19:32:25', 0),
	('IPD_NURSE_ADDMISSION_NOTE_ADD', 'IPD_NURSE_ADDMISSION_NOTE', 'ADD', 'cha582', '2020-05-31 13:38:37', 'cha582', '2020-05-31 13:38:44', 0),
	('IPD_NURSE_ADDMISSION_NOTE_EDIT', 'IPD_NURSE_ADDMISSION_NOTE', 'EDIT', 'cha582', '2020-05-31 13:40:20', 'cha582', '2020-05-31 13:40:30', 0),
	('IPD_NURSE_ADDMISSION_NOTE_REMOVE', 'IPD_NURSE_ADDMISSION_NOTE', 'REMOVE', 'cha582', '2020-05-31 13:43:44', 'cha582', '2020-05-31 13:43:52', 0),
	('IPD_NURSE_ADDMISSION_NOTE_VIEW', 'IPD_NURSE_ADDMISSION_NOTE', 'VIEW', 'cha582', '2020-05-31 13:44:50', 'cha582', '2020-05-31 13:44:56', 0),
	('IPD_NURSE_INDEX_ADD', 'IPD_NURSE_INDEX', 'ADD', 'jommarn', '2020-01-18 15:54:41', 'jommarn', '2020-01-18 15:54:41', 0),
	('IPD_NURSE_INDEX_EDIT', 'IPD_NURSE_INDEX', 'EDIT', 'jommarn', '2020-01-18 15:54:41', 'jommarn', '2020-01-18 15:54:41', 0),
	('IPD_NURSE_INDEX_NOTE_ADD', 'IPD_NURSE_INDEX_NOTE', 'ADD', 'jommarn', '2020-07-25 19:32:25', 'jommarn', '2020-07-25 19:32:25', 0),
	('IPD_NURSE_INDEX_NOTE_EDIT', 'IPD_NURSE_INDEX_NOTE', 'EDIT', 'jommarn', '2020-07-25 19:32:25', 'jommarn', '2020-07-25 19:32:25', 0),
	('IPD_NURSE_INDEX_NOTE_REMOVE', 'IPD_NURSE_INDEX_NOTE', 'REMOVE', 'jommarn', '2020-07-25 19:32:25', 'jommarn', '2020-07-25 19:32:25', 0),
	('IPD_NURSE_INDEX_NOTE_VIEW', 'IPD_NURSE_INDEX_NOTE', 'VIEW', 'jommarn', '2020-07-25 19:32:25', 'jommarn', '2020-07-25 19:32:25', 0),
	('IPD_NURSE_INDEX_REMOVE', 'IPD_NURSE_INDEX', 'REMOVE', 'jommarn', '2020-01-18 15:54:41', 'jommarn', '2020-01-18 15:54:41', 0),
	('IPD_NURSE_INDEX_VIEW', 'IPD_NURSE_INDEX', 'VIEW', 'jommarn', '2020-01-18 15:54:41', 'jommarn', '2020-01-18 15:54:41', 0),
	('IPD_NURSE_MAIN_PROGRAM_ACCESS', 'IPD_NURSE_MAIN_PROGRAM', 'ACCESS', 'jommarn', '2020-01-18 15:54:41', 'jommarn', '2020-01-18 15:54:41', 0),
	('IPD_NURSE_NOTE_ADD', 'IPD_NURSE_NOTE', 'ADD', 'cha582', '2020-02-27 14:58:31', 'cha582', '2020-02-27 14:58:44', 0),
	('IPD_NURSE_NOTE_EDIT', 'IPD_NURSE_NOTE', 'EDIT', 'jommarn', '2020-01-18 15:54:41', 'jommarn', '2020-01-18 15:54:41', 0),
	('IPD_NURSE_NOTE_REMOVE', 'IPD_NURSE_NOTE', 'REMOVE', 'cha582', '2020-02-27 14:59:33', 'cha582', '2020-02-27 14:59:36', 0),
	('IPD_NURSE_NOTE_VIEW', 'IPD_NURSE_NOTE', 'VIEW', 'jommarn', '2020-01-18 15:54:41', 'jommarn', '2020-01-18 15:54:41', 0),
	('IPD_ORDER_ACCEPT', 'IPD_ORDER', 'ACCEPT', 'jommarn', '2020-01-18 15:54:41', 'jommarn', '2020-01-18 15:54:41', 0),
	('IPD_ORDER_ADD', 'IPD_ORDER', 'ADD', 'jommarn', '2020-01-18 15:54:41', 'jommarn', '2020-01-18 15:54:41', 0),
  ('IPD_ORDER_CHECK', 'IPD_ORDER', 'CHECK', 'marisada', '2025-04-06 00:00:00', 'marisada', '2025-04-06 00:00:00', 0),
	('IPD_ORDER_CONFIRM', 'IPD_ORDER', 'CONFIRM', 'jommarn', '2020-01-18 15:54:41', 'jommarn', '2020-01-18 15:54:41', 0),
	('IPD_ORDER_DONE', 'IPD_ORDER', 'DONE', 'jommarn', '2020-01-18 15:54:41', 'jommarn', '2020-01-18 15:54:41', 0),
	('IPD_ORDER_EDIT', 'IPD_ORDER', 'EDIT', 'jommarn', '2020-01-18 15:54:41', 'jommarn', '2020-01-18 15:54:41', 0),
	('IPD_ORDER_OFF', 'IPD_ORDER', 'OFF', 'jommarn', '2020-01-18 15:54:41', 'jommarn', '2020-01-18 15:54:41', 0),
	('IPD_ORDER_PRINT', 'IPD_ORDER', 'PRINT', 'jommarn', '2020-11-06 12:03:04', 'jommarn', '2020-11-06 12:03:04', 0),
	('IPD_ORDER_REMOVE', 'IPD_ORDER', 'REMOVE', 'jommarn', '2020-01-18 15:54:41', 'jommarn', '2020-01-18 15:54:41', 0),
	('IPD_ORDER_TEMPLATE_SHARE', 'IPD_ORDER_TEMPLATE', 'SHARE', 'jommarn', '2022-01-24 10:18:36', 'jommarn', '2022-01-24 10:18:36', 0),
	('IPD_ORDER_VIEW', 'IPD_ORDER', 'VIEW', 'jommarn', '2020-01-18 15:54:41', 'jommarn', '2020-01-18 15:54:41', 0),
	('IPD_OTHER_ORDER_MAIN_PROGRAM_ACCESS', 'IPD_OTHER_ORDER_MAIN_PROGRAM', 'ACCESS', 'jommarn', '2020-05-19 20:42:29', 'jommarn', '2020-05-19 20:42:29', 0),
	('IPD_PHARMACY_ORDER_MAIN_PROGRAM_ACCESS', 'IPD_PHARMACY_ORDER_MAIN_PROGRAM', 'ACCESS', 'jommarn', '2020-01-18 15:54:41', 'jommarn', '2020-01-18 15:54:41', 0),
	('LAB_VIEW', 'LAB', 'VIEW', 'jommarn', '2020-01-18 15:54:41', 'jommarn', '2020-01-18 15:54:41', 0),
	('MED_RECONCILIATION_ADD', 'MED_RECONCILIATION', 'ADD', 'jommarn', '2020-09-28 13:58:36', 'jommarn', '2020-09-28 13:58:36', 0),
	('MED_RECONCILIATION_COMFIRM', 'MED_RECONCILIATION', 'CONFIRM', 'jommarn', '2020-11-17 14:19:45', 'jommarn', '2020-11-17 14:19:45', 0),
	('MED_RECONCILIATION_CONSIDER', 'MED_RECONCILIATION', 'CONSIDER', 'jommarn', '2020-11-18 17:15:55', 'jommarn', '2020-11-18 17:15:55', 0),
	('MED_RECONCILIATION_EDIT', 'MED_RECONCILIATION', 'EDIT', 'jommarn', '2020-01-18 15:54:41', 'jommarn', '2020-01-18 15:54:41', 0),
	('MED_RECONCILIATION_REMOVE', 'MED_RECONCILIATION', 'REMOVE', 'jommarn', '2020-09-28 13:58:36', 'jommarn', '2020-09-28 13:58:36', 0),
	('MED_RECONCILIATION_VIEW', 'MED_RECONCILIATION', 'VIEW', 'jommarn', '2020-01-18 15:54:41', 'jommarn', '2020-01-18 15:54:41', 0),
	('NURSING_PROGRESSNOTE_TEMPLATE_ADD', 'NURSING_PROGRESSNOTE_TEMPLATE', 'ADD', 'cha582', '2022-02-17 19:15:23', 'cha582', '2022-02-17 19:15:23', 0),
	('NURSING_PROGRESSNOTE_TEMPLATE_EDIT', 'NURSING_PROGRESSNOTE_TEMPLATE', 'EDIT', 'cha582', '2022-02-17 19:15:23', 'cha582', '2022-02-17 19:15:23', 0),
	('NURSING_PROGRESSNOTE_TEMPLATE_REMOVE', 'NURSING_PROGRESSNOTE_TEMPLATE', 'REMOVE', 'cha582', '2022-02-17 19:15:23', 'cha582', '2022-02-17 19:15:23', 0),
	('NURSING_PROGRESSNOTE_TEMPLATE_VIEW', 'NURSING_PROGRESSNOTE_TEMPLATE', 'VIEW', 'cha582', '2022-02-17 19:15:23', 'cha582', '2022-02-17 19:15:23', 0),
	('OPD_ER_DOCTOR_PROGRAM_ACCESS', 'OPD_ER_DOCTOR_PROGRAM', 'ACCESS', 'jommarn', '2021-07-21 16:15:30', 'jommarn', '2021-07-21 16:15:30', 0),
  ('OPD_ER_DOCUMENT_PRINT', 'OPD_ER_DOCUMENT', 'PRINT', 'jommarn', '2021-07-21 16:15:30', 'jommarn', '2021-07-21 16:15:30', 0),
	('OPD_ER_IO_ADD', 'OPD_ER_IO', 'ADD', 'jommarn', '2021-07-21 19:42:36', 'jommarn', '2021-07-21 16:15:30', 0),
	('OPD_ER_IO_EDIT', 'OPD_ER_IO', 'EDIT', 'jommarn', '2021-07-21 16:15:30', 'jommarn', '2021-07-21 16:15:30', 0),
	('OPD_ER_IO_PRINT', 'OPD_ER_IO', 'PRINT', 'jommarn', '2021-07-21 16:15:30', 'jommarn', '2021-07-21 16:15:30', 0),
	('OPD_ER_IO_REMOVE', 'OPD_ER_IO', 'REMOVE', 'jommarn', '2021-07-21 16:15:30', 'jommarn', '2021-07-21 16:15:30', 0),
	('OPD_ER_IO_VIEW', 'OPD_ER_IO', 'VIEW', 'jommarn', '2021-07-21 16:15:30', 'jommarn', '2021-07-21 16:15:30', 0),
	('OPD_ER_MEDICAL_HISTORY_PRINT', 'OPD_ER_MEDICAL_HISTORY', 'PRINT', 'cha582', '2022-01-11 14:09:55', 'cha582', '2022-01-11 14:09:55', 0),
	('OPD_ER_NURSE_FOCUS_LIST_PRINT', 'OPD_ER_NURSE_FOCUS_LIST', 'PRINT', 'cha582', '2022-01-11 14:21:07', 'cha582', '2022-01-11 14:21:07', 0),
	('OPD_ER_NURSE_FOCUS_NOTE_PRINT', 'OPD_ER_NURSE_FOCUS_NOTE', 'PRINT', 'cha582', '2022-01-11 14:23:51', 'cha582', '2022-01-11 14:23:51', 0),
	('OPD_ER_NURSE_INDEX_ADD', 'OPD_ER_NURSE_INDEX', 'ADD', 'jommarn', '2021-07-21 16:15:30', 'jommarn', '2021-07-21 16:15:30', 0),
	('OPD_ER_NURSE_INDEX_EDIT', 'OPD_ER_NURSE_INDEX', 'EDIT', 'jommarn', '2021-07-21 16:15:30', 'jommarn', '2021-07-21 16:15:30', 0),
	('OPD_ER_NURSE_INDEX_NOTE_ADD', 'OPD_ER_NURSE_INDEX_NOTE', 'ADD', 'jommarn', '2021-07-21 16:15:30', 'jommarn', '2021-07-21 16:15:30', 0),
	('OPD_ER_NURSE_INDEX_NOTE_EDIT', 'OPD_ER_NURSE_INDEX_NOTE', 'EDIT', 'jommarn', '2021-07-21 16:15:30', 'jommarn', '2021-07-21 16:15:30', 0),
	('OPD_ER_NURSE_INDEX_NOTE_REMOVE', 'OPD_ER_NURSE_INDEX_NOTE', 'REMOVE', 'jommarn', '2021-07-21 16:15:30', 'jommarn', '2021-07-21 16:15:30', 0),
	('OPD_ER_NURSE_INDEX_NOTE_VIEW', 'OPD_ER_NURSE_INDEX_NOTE', 'VIEW', 'jommarn', '2021-07-21 16:15:30', 'jommarn', '2021-07-21 16:15:30', 0),
	('OPD_ER_NURSE_INDEX_PRINT', 'OPD_ER_NURSE_INDEX', 'PRINT', 'cha582', '2022-01-11 14:17:38', 'cha582', '2022-01-11 14:17:38', 0),
	('OPD_ER_NURSE_INDEX_REMOVE', 'OPD_ER_NURSE_INDEX', 'REMOVE', 'jommarn', '2021-07-21 16:15:30', 'jommarn', '2021-07-21 16:15:30', 0),
	('OPD_ER_NURSE_INDEX_VIEW', 'OPD_ER_NURSE_INDEX', 'VIEW', 'jommarn', '2021-07-21 16:15:30', 'jommarn', '2021-07-21 16:15:30', 0),
	('OPD_ER_NURSE_NOTE_ADD', 'OPD_ER_NURSE_NOTE', 'ADD', 'jommarn', '2021-07-21 16:15:30', 'jommarn', '2021-07-21 16:15:30', 0),
	('OPD_ER_NURSE_NOTE_EDIT', 'OPD_ER_NURSE_NOTE', 'EDIT', 'jommarn', '2021-07-21 16:15:30', 'jommarn', '2021-07-21 16:15:30', 0),
	('OPD_ER_NURSE_NOTE_REMOVE', 'OPD_ER_NURSE_NOTE', 'REMOVE', 'jommarn', '2021-07-21 16:15:30', 'jommarn', '2021-07-21 16:15:30', 0),
	('OPD_ER_NURSE_NOTE_VIEW', 'OPD_ER_NURSE_NOTE', 'VIEW', 'jommarn', '2021-07-21 16:15:30', 'jommarn', '2021-07-21 16:15:30', 0),
	('OPD_ER_NURSE_PROGRAM_ACCESS', 'OPD_ER_NURSE_PROGRAM', 'ACCESS', 'jommarn', '2021-07-21 16:15:30', 'jommarn', '2021-07-21 16:15:30', 0),
	('OPD_ER_ORDER_ACCEPT', 'OPD_ER_ORDER', 'ACCEPT', 'jommarn', '2021-07-21 16:15:30', 'jommarn', '2021-07-21 16:15:30', 0),
	('OPD_ER_ORDER_ADD', 'OPD_ER_ORDER', 'ADD', 'jommarn', '2021-07-21 16:15:30', 'jommarn', '2021-07-21 16:15:30', 0),
  ('OPD_ER_ORDER_CHECK', 'OPD_ER_ORDER', 'CHECK', 'marisada', '2025-04-06 00:00:00', 'marisada', '2025-04-06 00:00:00', 0),
	('OPD_ER_ORDER_CONFIRM', 'OPD_ER_ORDER', 'CONFIRM', 'jommarn', '2021-07-21 16:15:30', 'jommarn', '2021-07-21 16:15:30', 0),
	('OPD_ER_ORDER_DONE', 'OPD_ER_ORDER', 'DONE', 'jommarn', '2021-07-21 16:15:30', 'jommarn', '2021-07-21 16:15:30', 0),
	('OPD_ER_ORDER_EDIT', 'OPD_ER_ORDER', 'EDIT', 'jommarn', '2021-07-21 16:15:30', 'jommarn', '2021-07-21 16:15:30', 0),
	('OPD_ER_ORDER_OFF', 'OPD_ER_ORDER', 'OFF', 'jommarn', '2021-07-21 16:15:30', 'jommarn', '2021-07-21 16:15:30', 0),
	('OPD_ER_ORDER_PRINT', 'OPD_ER_ORDER', 'PRINT', 'jommarn', '2021-07-21 16:15:30', 'jommarn', '2021-07-21 16:15:30', 0),
	('OPD_ER_ORDER_REMOVE', 'OPD_ER_ORDER', 'REMOVE', 'jommarn', '2021-07-21 16:15:30', 'jommarn', '2021-07-21 16:15:30', 0),
	('OPD_ER_ORDER_VIEW', 'OPD_ER_ORDER', 'VIEW', 'jommarn', '2021-07-21 16:15:30', 'jommarn', '2021-07-21 16:15:30', 0),
	('OPD_ER_OTHER_ORDER_PROGRAM_ACCESS', 'OPD_ER_OTHER_ORDER_PROGRAM', 'ACCESS', 'jommarn', '2021-07-21 16:15:30', 'jommarn', '2021-07-21 16:15:30', 0),
	('OPD_ER_PHARMACY_ORDER_PROGRAM_ACCESS', 'OPD_ER_PHARMACY_ORDER_PROGRAM', 'ACCESS', 'jommarn', '2021-07-21 16:15:30', 'jommarn', '2021-07-21 16:15:30', 0),
	('OPD_ER_PROGRESS_NOTE_ADD', 'OPD_ER_PROGRESS_NOTE', 'ADD', 'jommarn', '2021-07-21 16:15:30', 'jommarn', '2021-07-21 16:15:30', 0),
	('OPD_ER_PROGRESS_NOTE_EDIT', 'OPD_ER_PROGRESS_NOTE', 'EDIT', 'jommarn', '2021-07-21 16:15:30', 'jommarn', '2021-07-21 16:15:30', 0),
	('OPD_ER_PROGRESS_NOTE_REMOVE', 'OPD_ER_PROGRESS_NOTE', 'REMOVE', 'jommarn', '2021-07-21 16:15:30', 'jommarn', '2021-07-21 16:15:30', 0),
	('OPD_ER_PROGRESS_NOTE_VIEW', 'OPD_ER_PROGRESS_NOTE', 'VIEW', 'jommarn', '2021-07-21 16:15:30', 'jommarn', '2021-07-21 16:15:30', 0),
	('OPD_ER_VITAL_SIGN_ADD', 'OPD_ER_VITAL_SIGN', 'ADD', 'jommarn', '2021-07-21 16:15:30', 'jommarn', '2021-07-21 16:15:30', 0),
	('OPD_ER_VITAL_SIGN_EDIT', 'OPD_ER_VITAL_SIGN', 'EDIT', 'jommarn', '2021-07-21 16:15:30', 'jommarn', '2021-07-21 16:15:30', 0),
	('OPD_ER_VITAL_SIGN_PRINT', 'OPD_ER_VITAL_SIGN', 'PRINT', 'cha582', '2022-01-11 14:25:42', 'cha582', '2022-01-11 14:25:42', 0),
	('OPD_ER_VITAL_SIGN_REMOVE', 'OPD_ER_VITAL_SIGN', 'REMOVE', 'jommarn', '2021-07-21 16:15:30', 'jommarn', '2021-07-21 16:15:30', 0),
	('OPD_ER_VITAL_SIGN_VIEW', 'OPD_ER_VITAL_SIGN', 'VIEW', 'jommarn', '2021-07-21 16:15:30', 'jommarn', '2021-07-21 16:15:30', 0),
	('OPERATION_VIEW', 'OPERATION', 'VIEW', 'jommarn', '2020-01-18 15:54:41', 'jommarn', '2020-01-18 15:54:41', 0),
	('PROGRESS_NOTE_ADD', 'PROGRESS_NOTE', 'ADD', 'jommarn', '2020-01-18 15:54:41', 'jommarn', '2020-01-18 15:54:41', 0),
	('PROGRESS_NOTE_EDIT', 'PROGRESS_NOTE', 'EDIT', 'jommarn', '2020-01-18 15:54:41', 'jommarn', '2020-01-18 15:54:41', 0),
	('PROGRESS_NOTE_REMOVE', 'PROGRESS_NOTE', 'REMOVE', 'jommarn', '2020-01-18 15:54:41', 'jommarn', '2020-01-18 15:54:41', 0),
	('PROGRESS_NOTE_VIEW', 'PROGRESS_NOTE', 'VIEW', 'jommarn', '2020-01-18 15:54:41', 'jommarn', '2020-01-18 15:54:41', 0),
	('SCAN_DOCUMENT_ACCESS', 'SCAN_DOCUMENT', 'ACCESS', 'jommarn', '2020-01-18 15:54:41', 'jommarn', '2020-01-18 15:54:41', 0),
	('SYSTEM_AC_OPD_USER_VIEW', 'SYSTEM_AC_OPD_USER', 'VIEW', 'sir871', '2022-03-10 11:28:02', 'sir871', '2022-03-10 11:28:02', 0),
	('SYSTEM_AC_PERMISSION_VIEW', 'SYSTEM_AC_PERMISSION', 'VIEW', 'sir871', '2022-03-09 13:47:39', 'sir871', '2022-03-09 13:47:39', 0),
  ('SYSTEM_AC_REPORT_ADD', 'SYSTEM_AC_REPORT', 'ADD', 'sir871', '2022-03-10 11:28:02', 'sir871', '2022-03-10 11:28:02', 0),
  ('SYSTEM_AC_REPORT_EDIT', 'SYSTEM_AC_REPORT', 'EDIT', 'sir871', '2022-03-10 11:28:02', 'sir871', '2022-03-10 11:28:02', 0),
  ('SYSTEM_AC_REPORT_REMOVE', 'SYSTEM_AC_REPORT', 'REMOVE', 'sir871', '2022-03-10 11:28:02', 'sir871', '2022-03-10 11:28:02', 0),
  ('SYSTEM_AC_REPORT_VIEW', 'SYSTEM_AC_REPORT', 'VIEW', 'sir871', '2022-03-10 11:28:02', 'sir871', '2022-03-10 11:28:02', 0),
	('SYSTEM_AC_ROLE_ADD', 'SYSTEM_AC_ROLE', 'ADD', 'sir871', '2022-03-09 13:47:39', 'sir871', '2022-03-09 13:47:39', 0),
	('SYSTEM_AC_ROLE_EDIT', 'SYSTEM_AC_ROLE', 'EDIT', 'sir871', '2022-03-09 13:47:39', 'sir871', '2022-03-09 13:47:39', 0),
	('SYSTEM_AC_ROLE_PERMISSION_ADD', 'SYSTEM_AC_ROLE_PERMISSION', 'ADD', 'sir871', '2022-03-09 13:47:39', 'sir871', '2022-03-09 13:47:39', 0),
	('SYSTEM_AC_ROLE_PERMISSION_EDIT', 'SYSTEM_AC_ROLE_PERMISSION', 'EDIT', 'sir871', '2022-03-09 13:47:39', 'sir871', '2022-03-09 13:47:39', 0),
	('SYSTEM_AC_ROLE_PERMISSION_REMOVE', 'SYSTEM_AC_ROLE_PERMISSION', 'REMOVE', 'sir871', '2022-03-10 12:07:40', 'sir871', '2022-03-10 12:07:40', 0),
	('SYSTEM_AC_ROLE_PERMISSION_VIEW', 'SYSTEM_AC_ROLE_PERMISSION', 'VIEW', 'sir871', '2022-03-09 13:47:39', 'sir871', '2022-03-09 13:47:39', 0),
	('SYSTEM_AC_ROLE_REMOVE', 'SYSTEM_AC_ROLE', 'REMOVE', 'sir871', '2022-03-10 10:45:48', 'sir871', '2022-03-10 10:45:48', 0),
	('SYSTEM_AC_ROLE_USER_ADD', 'SYSTEM_AC_ROLE_USER', 'ADD', 'sir871', '2022-03-09 13:47:39', 'sir871', '2022-03-09 13:47:39', 0),
	('SYSTEM_AC_ROLE_USER_EDIT', 'SYSTEM_AC_ROLE_USER', 'EDIT', 'sir871', '2022-03-09 13:47:39', 'sir871', '2022-03-09 13:47:39', 0),
	('SYSTEM_AC_ROLE_USER_VIEW', 'SYSTEM_AC_ROLE_USER', 'VIEW', 'sir871', '2022-03-09 13:47:39', 'sir871', '2022-03-09 13:47:39', 0),
	('SYSTEM_AC_ROLE_VIEW', 'SYSTEM_AC_ROLE', 'VIEW', 'sir871', '2022-03-09 13:47:39', 'sir871', '2022-03-09 13:47:39', 0),
	('VITAL_SIGN_ADD', 'VITAL_SIGN', 'ADD', 'jommarn', '2020-01-18 15:54:41', 'jommarn', '2020-01-18 15:54:41', 0),
	('VITAL_SIGN_EDIT', 'VITAL_SIGN', 'EDIT', 'jommarn', '2020-01-18 15:54:41', 'jommarn', '2020-01-18 15:54:41', 0),
	('VITAL_SIGN_REMOVE', 'VITAL_SIGN', 'REMOVE', 'jommarn', '2020-01-18 15:54:41', 'jommarn', '2020-01-18 15:54:41', 0),
	('VITAL_SIGN_VIEW', 'VITAL_SIGN', 'VIEW', 'jommarn', '2020-01-18 15:54:41', 'jommarn', '2020-01-18 15:54:41', 0),
	('XRAY_VIEW', 'XRAY', 'VIEW', 'jommarn', '2020-01-18 15:54:41', 'jommarn', '2020-01-18 15:54:41', 0);

CREATE TABLE IF NOT EXISTS `system_ac_role` (
  `role` VARCHAR(100) NOT NULL,
  `role_desc` VARCHAR(100) DEFAULT NULL,
  `parent_role` VARCHAR(100) DEFAULT NULL,
  `create_user` VARCHAR(250) CHARACTER SET tis620 COLLATE 'tis620_thai_ci' NOT NULL,
  `create_datetime` DATETIME NOT NULL,
  `update_user` VARCHAR(250) CHARACTER SET tis620 COLLATE 'tis620_thai_ci' NOT NULL,
  `update_datetime` DATETIME NOT NULL,
  `version` INT(11) NOT NULL,
  PRIMARY KEY (`role`) USING BTREE,
  INDEX `system_ac_role_ibfk_1` (`parent_role`) USING BTREE,
  CONSTRAINT `system_ac_role_ibfk_1` FOREIGN KEY (`parent_role`) REFERENCES `system_ac_role` (`role`) ON UPDATE CASCADE
) ENGINE=InnoDB DEFAULT CHARSET=utf8mb4 COLLATE=utf8mb4_general_ci ROW_FORMAT=DYNAMIC;

INSERT INTO `system_ac_role` (`role`, `role_desc`, `parent_role`, `create_user`, `create_datetime`, `update_user`, `update_datetime`, `version`) VALUES
	('AUDITOR', 'Auditor', NULL, 'jommarn', '2020-01-18 15:54:41', 'jommarn', '2024-02-22 02:13:08', 0),
  ('MSO', 'องค์กรแพทย์', NULL, 'jommarn', '2020-01-18 15:54:41', 'jommarn', '2020-01-18 15:54:41', 0),
	('DOCTOR', 'แพทย์', 'MSO', 'jommarn', '2020-01-18 15:54:41', 'jommarn', '2020-01-18 15:54:41', 0),
	('DOCTOR_INTERN', 'แพทย์ INTERN', 'DOCTOR', 'jommarn', '2020-01-18 15:54:41', 'jommarn', '2020-01-18 15:54:41', 0),
	('DOCTOR_STAFF', 'แพทย์ STAFF', 'DOCTOR', 'jommarn', '2020-01-18 15:54:41', 'jommarn', '2020-01-18 15:54:41', 0),
	('EXTERN', 'นักศึกษาแพทย์ Extern', 'MSO', 'jommarn', '2020-01-18 15:54:41', 'jommarn', '2020-01-18 15:54:41', 0),
	('FINANCE', 'การเงิน', NULL, 'jommarn', '2020-01-18 15:54:41', 'jommarn', '2020-01-18 15:54:41', 0),
	('OTHER', 'อื่นๆ', NULL, 'jommarn', '2021-03-01 10:57:35', 'jommarn', '2021-03-01 10:57:35', 0),
  ('FMLC', 'เวชกรรมสังคม', 'OTHER', 'jommarn', '2020-01-18 15:54:41', 'jommarn', '2020-01-18 15:54:41', 0),
	('FOOD', 'โภชนาการ', NULL, 'jommarn', '2020-01-18 15:54:41', 'jommarn', '2020-01-18 15:54:41', 0),
	('IT_ADMIN', 'IT Admin', NULL, 'jommarn', '2020-01-18 15:54:41', 'jommarn', '2020-01-18 15:54:41', 0),
	('LAB', 'Lab', 'OTHER', 'jommarn', '2020-01-18 15:54:41', 'jommarn', '2020-01-18 15:54:41', 0),
	('MEDICAL_RECORD', 'เวชระเบียน', NULL, 'jommarn', '2020-03-18 11:47:54', 'jommarn', '2020-03-18 11:47:54', 0),
	('MEDICAL_RECORD_IPD', 'เวชระเบียนใน', 'MEDICAL_RECORD', 'jommarn', '2020-03-18 11:47:54', 'jommarn', '2020-03-18 11:47:54', 0),
	('MEDICAL_RECORD_OPD', 'เวชระเบียนนอก', 'MEDICAL_RECORD', 'jommarn', '2020-03-18 11:47:54', 'jommarn', '2020-03-18 11:47:54', 0),
	('NURSE', 'พยาบาล', NULL, 'jommarn', '2020-01-18 15:54:41', 'jommarn', '2020-01-18 15:54:41', 0),
	('NURSE_CARDIO_VASCULAR', 'นักเทคโนโลยีหัวใจและทรวงอก', 'NURSE', 'jommarn', '2020-01-18 15:54:41', 'jommarn', '2020-01-18 15:54:41', 0),
	('NURSE_ER', 'พยาบาล ER', 'NURSE', 'jommarn', '2020-01-18 15:54:41', 'jommarn', '2020-01-18 15:54:41', 0),
	('NURSE_ER_PN_NA', 'พยาบาล ER PN/NA', 'NURSE_ER', 'jommarn', '2020-01-18 15:54:41', 'jommarn', '2020-01-18 15:54:41', 0),
	('NURSE_ER_RN_EMT', 'พยาบาล ER RN/EMT', 'NURSE_ER', 'jommarn', '2020-01-18 15:54:41', 'jommarn', '2020-01-18 15:54:41', 0),
	('NURSE_IPD', 'พยาบาล IPD', 'NURSE', 'jommarn', '2020-01-18 15:54:41', 'jommarn', '2020-01-18 15:54:41', 0),
	('NURSE_IPD_PN_NA', 'พยาบาล IPD PN/NA', 'NURSE_IPD', 'jommarn', '2020-01-18 15:54:41', 'jommarn', '2020-01-18 15:54:41', 0),
	('NURSE_IPD_RN_TN', 'พยาบาล IPD RN/TN', 'NURSE_IPD', 'jommarn', '2020-01-18 15:54:41', 'jommarn', '2020-01-18 15:54:41', 0),
	('NURSE_OPD', 'พยาบาล OPD', 'NURSE', 'jommarn', '2020-01-18 15:54:41', 'jommarn', '2020-01-18 15:54:41', 0),
	('NURSE_OPD_PN_NA_OTHER', 'พยาบาล OPD PN/NA/อื่นๆ', 'NURSE_OPD', 'jommarn', '2020-01-18 15:54:41', 'jommarn', '2020-01-18 15:54:41', 0),
	('NURSE_OPD_RN_TN', 'พยาบาล OPD RN/TN', 'NURSE_OPD', 'jommarn', '2020-01-18 15:54:41', 'jommarn', '2020-01-18 15:54:41', 0),
	('NURSING_PROGRESS_NOTE_TEMPLATE_ADMIN', 'Nursing Progress Note Template Admin', 'NURSE', 'cha582', '2022-02-17 19:46:41', 'cha582', '2022-02-17 19:46:41', 0),
	('ORDER_TEMPLATE_ADMIN', 'Order Template Admin', NULL, 'jommarn', '2022-01-24 17:52:55', 'jommarn', '2022-01-24 17:52:55', 0),
	('PHARMACY', 'ห้องยา', NULL, 'jommarn', '2020-01-18 15:54:41', 'jommarn', '2020-01-18 15:54:41', 0),
	('PHARMACY_OFFICER', 'เจ้าหน้าที่เภสัช', 'PHARMACY', 'jommarn', '2020-01-18 15:54:41', 'jommarn', '2020-01-18 15:54:41', 0),
	('PHARMACY_PHARMACIST', 'เภสัชกร', 'PHARMACY', 'jommarn', '2020-01-18 15:54:41', 'jommarn', '2020-01-18 15:54:41', 0),
	('PHYSIOLOGIST', 'กายภาพ', 'OTHER', 'jommarn', '2020-01-18 15:54:41', 'jommarn', '2020-01-18 15:54:41', 0),
	('PSYCHIATRY', 'จิตเวช', 'OTHER', 'jommarn', '2021-03-01 10:57:35', 'jommarn', '2021-03-01 10:57:35', 0),
	('RECEPTION', 'ประชาสัมพันธ์', NULL, 'jommarn', '2020-01-18 15:54:41', 'jommarn', '2020-01-18 15:54:41', 0),
	('SOCIAL_WELFARE_HEALTH_SECURITY', 'สวัสดิการสังคมและประกันสุขภาพ', NULL, 'jommarn', '2020-06-15 14:11:50', 'jommarn', '2020-06-15 14:11:50', 0),
	('THAI_TRADITIONAL_MEDICINE', 'แพทย์แผนไทย', 'OTHER', 'cha582', '2021-07-05 12:04:35', 'cha582', '2021-07-05 12:04:39', 0),
	('XRAY', 'X-Ray', 'OTHER', 'jommarn', '2020-01-18 15:54:41', 'jommarn', '2020-01-18 15:54:41', 0);

CREATE TABLE IF NOT EXISTS `system_ac_role_permission` (
  `role` VARCHAR(100) NOT NULL,
  `permission` VARCHAR(100) NOT NULL,
  `create_user` VARCHAR(250) CHARACTER SET tis620 COLLATE 'tis620_thai_ci' NOT NULL,
  `create_datetime` DATETIME NOT NULL,
  `update_user` VARCHAR(250) CHARACTER SET tis620 COLLATE 'tis620_thai_ci' NOT NULL,
  `update_datetime` DATETIME NOT NULL,
  `version` INT(11) NOT NULL,
  PRIMARY KEY (`role`,`permission`) USING BTREE,
  INDEX `permission` (`permission`) USING BTREE,
  CONSTRAINT `system_ac_role_permission_ibfk_1` FOREIGN KEY (`role`) REFERENCES `system_ac_role` (`role`) ON UPDATE CASCADE,
  CONSTRAINT `system_ac_role_permission_ibfk_2` FOREIGN KEY (`permission`) REFERENCES `system_ac_permission` (`permission`) ON UPDATE CASCADE
) ENGINE=InnoDB DEFAULT CHARSET=utf8mb4 COLLATE=utf8mb4_general_ci ROW_FORMAT=DYNAMIC;

INSERT INTO `system_ac_role_permission` (`role`, `permission`, `create_user`, `create_datetime`, `update_user`, `update_datetime`, `version`) VALUES
	('AUDITOR', 'DATA_TYPE_AUDITOR_USE', 'jommarn', '2024-02-22 02:13:08', 'jommarn', '2024-02-22 02:13:08', 0),
	('DOCTOR', 'ADMISSION_NOTE_ADD', 'pat580', '2020-03-12 17:49:30', 'pat580', '2020-03-12 17:49:30', 0),
	('DOCTOR', 'ADMISSION_NOTE_EDIT', 'pat580', '2020-03-12 17:49:30', 'pat580', '2020-03-12 17:49:30', 0),
	('DOCTOR', 'IPD_ORDER_CONFIRM', 'jommarn', '2020-01-18 15:54:41', 'jommarn', '2020-01-18 15:54:41', 0),
	('DOCTOR', 'MED_RECONCILIATION_ADD', 'jommarn', '2020-09-29 20:18:48', 'jommarn', '2020-09-29 20:18:48', 0),
	('DOCTOR', 'MED_RECONCILIATION_COMFIRM', '', '0000-00-00 00:00:00', '', '0000-00-00 00:00:00', 0),
	('DOCTOR', 'MED_RECONCILIATION_CONSIDER', 'jommarn', '2020-11-18 18:51:36', 'jommarn', '2020-11-18 18:51:36', 0),
	('DOCTOR', 'MED_RECONCILIATION_EDIT', 'jommarn', '2020-09-29 20:18:48', 'jommarn', '2020-09-29 20:18:48', 0),
	('DOCTOR', 'MED_RECONCILIATION_REMOVE', 'jommarn', '2020-09-29 20:18:48', 'jommarn', '2020-09-29 20:18:48', 0),
	('DOCTOR', 'OPD_ER_ORDER_CONFIRM', 'jommarn', '2021-07-21 16:15:30', 'jommarn', '2021-07-21 16:15:30', 0),
	('FOOD', 'ADMISSION_NOTE_VIEW', 'jommarn', '2020-07-11 15:46:30', 'jommarn', '2020-07-11 15:46:30', 0),
	('FOOD', 'DATA_TYPE_OTHER_USE', 'jommarn', '2020-07-11 15:46:30', 'jommarn', '2020-07-11 15:46:30', 0),
	('FOOD', 'DATA_TYPE_PHYSIOLOGIST_USE', 'jommarn', '2020-07-11 15:46:30', 'jommarn', '2020-07-11 15:46:30', 0),
	('FOOD', 'EMR_VIEW', 'jommarn', '2020-07-11 15:46:30', 'jommarn', '2020-07-11 15:46:30', 0),
	('FOOD', 'FOOD_ORDER_ACCESS', 'jommarn', '2020-01-18 15:54:41', 'jommarn', '2020-01-18 15:54:41', 0),
	('FOOD', 'IPD_DISCHARGE_SUMMARY_VIEW', 'jommarn', '2020-07-11 15:46:30', 'jommarn', '2020-07-11 15:46:30', 0),
	('FOOD', 'IPD_NURSE_ADDMISSION_NOTE_VIEW', 'jommarn', '2020-07-11 15:46:30', 'jommarn', '2020-07-11 15:46:30', 0),
	('FOOD', 'IPD_NURSE_NOTE_VIEW', 'jommarn', '2020-07-11 15:46:30', 'jommarn', '2020-07-11 15:46:30', 0),
	('FOOD', 'IPD_ORDER_VIEW', 'jommarn', '2020-07-11 15:46:30', 'jommarn', '2020-07-11 15:46:30', 0),
	('FOOD', 'IPD_OTHER_ORDER_MAIN_PROGRAM_ACCESS', 'jommarn', '2020-07-11 15:46:30', 'jommarn', '2020-07-11 15:46:30', 0),
	('FOOD', 'LAB_VIEW', 'jommarn', '2020-07-11 15:46:30', 'jommarn', '2020-07-11 15:46:30', 0),
	('FOOD', 'MED_RECONCILIATION_VIEW', 'jommarn', '2020-07-11 15:46:30', 'jommarn', '2020-07-11 15:46:30', 0),
	('FOOD', 'OPD_ER_IO_VIEW', 'jommarn', '2021-08-13 00:31:03', 'jommarn', '2021-08-13 00:31:03', 0),
	('FOOD', 'OPD_ER_NURSE_NOTE_VIEW', 'jommarn', '2021-07-21 16:15:30', 'jommarn', '2021-07-21 16:15:30', 0),
	('FOOD', 'OPD_ER_ORDER_VIEW', 'jommarn', '2021-07-21 16:15:30', 'jommarn', '2021-07-21 16:15:30', 0),
	('FOOD', 'OPD_ER_OTHER_ORDER_PROGRAM_ACCESS', 'jommarn', '2021-07-21 16:15:30', 'jommarn', '2021-07-21 16:15:30', 0),
	('FOOD', 'OPD_ER_PROGRESS_NOTE_ADD', 'jommarn', '2021-07-21 16:15:30', 'jommarn', '2021-07-21 16:15:30', 0),
	('FOOD', 'OPD_ER_PROGRESS_NOTE_EDIT', 'jommarn', '2021-07-21 16:15:30', 'jommarn', '2021-07-21 16:15:30', 0),
	('FOOD', 'OPD_ER_PROGRESS_NOTE_REMOVE', 'jommarn', '2021-07-21 16:15:30', 'jommarn', '2021-07-21 16:15:30', 0),
	('FOOD', 'OPD_ER_PROGRESS_NOTE_VIEW', 'jommarn', '2021-07-21 16:15:30', 'jommarn', '2021-07-21 16:15:30', 0),
	('FOOD', 'OPD_ER_VITAL_SIGN_VIEW', 'jommarn', '2021-07-21 16:15:30', 'jommarn', '2021-07-21 16:15:30', 0),
	('FOOD', 'PROGRESS_NOTE_ADD', 'jommarn', '2020-07-11 15:46:30', 'jommarn', '2020-07-11 15:46:30', 0),
	('FOOD', 'PROGRESS_NOTE_EDIT', 'jommarn', '2020-07-11 15:46:30', 'jommarn', '2020-07-11 15:46:30', 0),
	('FOOD', 'PROGRESS_NOTE_REMOVE', 'jommarn', '2020-07-11 15:46:30', 'jommarn', '2020-07-11 15:46:30', 0),
	('FOOD', 'PROGRESS_NOTE_VIEW', 'jommarn', '2020-07-11 15:46:30', 'jommarn', '2020-07-11 15:46:30', 0),
	('FOOD', 'VITAL_SIGN_VIEW', 'jommarn', '2020-07-11 15:46:30', 'jommarn', '2020-07-11 15:46:30', 0),
	('IT_ADMIN', 'SYSTEM_AC_OPD_USER_VIEW', 'sir871', '2022-03-10 11:33:46', 'sir871', '2022-03-10 11:33:46', 0),
	('IT_ADMIN', 'SYSTEM_AC_PERMISSION_VIEW', 'sir871', '2022-03-09 13:51:08', 'sir871', '2022-03-09 13:51:08', 0),
	('IT_ADMIN', 'SYSTEM_AC_REPORT_ADD', 'sir871', '2022-03-09 13:51:08', 'sir871', '2022-03-09 13:51:08', 0),
	('IT_ADMIN', 'SYSTEM_AC_REPORT_EDIT', 'sir871', '2022-03-09 13:51:08', 'sir871', '2022-03-09 13:51:08', 0),
	('IT_ADMIN', 'SYSTEM_AC_REPORT_REMOVE', 'sir871', '2022-03-10 12:15:26', 'sir871', '2022-03-10 12:15:26', 0),
	('IT_ADMIN', 'SYSTEM_AC_REPORT_VIEW', 'sir871', '2022-03-09 13:51:08', 'sir871', '2022-03-09 13:51:08', 0),
	('IT_ADMIN', 'SYSTEM_AC_ROLE_ADD', 'sir871', '2022-03-09 13:51:08', 'sir871', '2022-03-09 13:51:08', 0),
	('IT_ADMIN', 'SYSTEM_AC_ROLE_EDIT', 'sir871', '2022-03-09 13:51:08', 'sir871', '2022-03-09 13:51:08', 0),
	('IT_ADMIN', 'SYSTEM_AC_ROLE_PERMISSION_ADD', 'sir871', '2022-03-09 13:51:08', 'sir871', '2022-03-09 13:51:08', 0),
	('IT_ADMIN', 'SYSTEM_AC_ROLE_PERMISSION_EDIT', 'sir871', '2022-03-09 13:51:08', 'sir871', '2022-03-09 13:51:08', 0),
	('IT_ADMIN', 'SYSTEM_AC_ROLE_PERMISSION_REMOVE', 'sir871', '2022-03-10 12:15:26', 'sir871', '2022-03-10 12:15:26', 0),
	('IT_ADMIN', 'SYSTEM_AC_ROLE_PERMISSION_VIEW', 'sir871', '2022-03-09 13:51:08', 'sir871', '2022-03-09 13:51:08', 0),
	('IT_ADMIN', 'SYSTEM_AC_ROLE_REMOVE', 'sir871', '2022-03-10 11:13:14', 'sir871', '2022-03-10 11:13:14', 0),
	('IT_ADMIN', 'SYSTEM_AC_ROLE_USER_ADD', 'sir871', '2022-03-09 13:51:08', 'sir871', '2022-03-09 13:51:08', 0),
	('IT_ADMIN', 'SYSTEM_AC_ROLE_USER_EDIT', 'sir871', '2022-03-09 13:51:08', 'sir871', '2022-03-09 13:51:08', 0),
	('IT_ADMIN', 'SYSTEM_AC_ROLE_USER_VIEW', 'sir871', '2022-03-09 13:51:08', 'sir871', '2022-03-09 13:51:08', 0),
	('IT_ADMIN', 'SYSTEM_AC_ROLE_VIEW', 'sir871', '2022-03-09 13:51:08', 'sir871', '2022-03-09 13:51:08', 0),
	('LAB', 'IPD_OTHER_ORDER_MAIN_PROGRAM_ACCESS', 'jommarn', '2020-06-30 16:00:11', 'jommarn', '2020-06-30 16:00:11', 0),
	('LAB', 'LAB_VIEW', 'jommarn', '2020-06-30 16:00:11', 'jommarn', '2020-06-30 16:00:11', 0),
	('LAB', 'OPD_ER_OTHER_ORDER_PROGRAM_ACCESS', 'jommarn', '2021-07-21 16:15:30', 'jommarn', '2021-07-21 16:15:30', 0),
	('MEDICAL_RECORD', 'ADMISSION_NOTE_VIEW', 'jommarn', '2020-03-18 11:54:17', 'jommarn', '2020-03-18 11:54:17', 0),
	('MEDICAL_RECORD', 'DATA_TYPE_OTHER_USE', 'jommarn', '2021-08-13 00:23:21', 'jommarn', '2021-08-13 00:23:21', 0),
	('MEDICAL_RECORD', 'EMR_VIEW', 'jommarn', '2020-03-18 11:54:17', 'jommarn', '2020-03-18 11:54:17', 0),
	('MEDICAL_RECORD', 'FOOD_ORDER_ACCESS', 'jommarn', '2020-03-18 11:54:17', 'jommarn', '2020-03-18 11:54:17', 0),
	('MEDICAL_RECORD', 'IO_VIEW', 'jommarn', '2020-03-18 11:54:17', 'jommarn', '2020-03-18 11:54:17', 0),
	('MEDICAL_RECORD', 'IPD_DISCHARGE_SUMMARY_VIEW', 'jommarn', '2020-03-18 11:54:17', 'jommarn', '2020-03-18 11:54:17', 0),
	('MEDICAL_RECORD', 'IPD_DOCTOR_CONSULT_VIEW', 'cha582', '2021-02-15 16:32:55', 'cha582', '2021-02-15 16:32:55', 0),
	('MEDICAL_RECORD', 'IPD_DOCTOR_INCHARGE_VIEW', 'jommarn', '2020-03-18 11:54:17', 'jommarn', '2020-03-18 11:54:17', 0),
	('MEDICAL_RECORD', 'IPD_DOCTOR_MAIN_PROGRAM_ACCESS', 'jommarn', '2020-03-18 11:54:17', 'jommarn', '2020-03-18 11:54:17', 0),
	('MEDICAL_RECORD', 'IPD_NURSE_ADDMISSION_NOTE_VIEW', 'cha582', '2020-06-21 18:59:52', 'jommarn', '2020-06-21 21:24:01', 0),
	('MEDICAL_RECORD', 'IPD_NURSE_INDEX_NOTE_VIEW', 'jommarn', '2020-07-25 20:31:59', 'jommarn', '2020-07-25 20:31:59', 0),
	('MEDICAL_RECORD', 'IPD_NURSE_INDEX_VIEW', 'jommarn', '2020-03-18 11:54:17', 'jommarn', '2020-03-18 11:54:17', 0),
	('MEDICAL_RECORD', 'IPD_NURSE_MAIN_PROGRAM_ACCESS', 'jommarn', '2020-03-18 11:54:17', 'jommarn', '2020-03-18 11:54:17', 0),
	('MEDICAL_RECORD', 'IPD_NURSE_NOTE_VIEW', 'jommarn', '2020-03-18 11:54:17', 'jommarn', '2020-03-18 11:54:17', 0),
	('MEDICAL_RECORD', 'IPD_ORDER_VIEW', 'jommarn', '2020-03-18 11:54:17', 'jommarn', '2020-03-18 11:54:17', 0),
	('MEDICAL_RECORD', 'IPD_OTHER_ORDER_MAIN_PROGRAM_ACCESS', 'jommarn', '2020-03-18 11:54:17', 'jommarn', '2020-03-18 11:54:17', 0),
	('MEDICAL_RECORD', 'IPD_PHARMACY_ORDER_MAIN_PROGRAM_ACCESS', 'jommarn', '2020-03-18 11:54:17', 'jommarn', '2020-03-18 11:54:17', 0),
	('MEDICAL_RECORD', 'LAB_VIEW', 'jommarn', '2020-03-18 11:54:17', 'jommarn', '2020-03-18 11:54:17', 0),
	('MEDICAL_RECORD', 'MED_RECONCILIATION_VIEW', 'jommarn', '2020-03-18 11:54:17', 'jommarn', '2020-03-18 11:54:17', 0),
	('MEDICAL_RECORD', 'OPD_ER_DOCTOR_PROGRAM_ACCESS', 'jommarn', '2021-07-21 16:15:30', 'jommarn', '2021-07-21 16:15:30', 0),
  ('MEDICAL_RECORD', 'OPD_ER_DOCUMENT_PRINT', 'jommarn', '2021-07-21 16:15:30', 'jommarn', '2021-07-21 16:15:30', 0),
	('MEDICAL_RECORD', 'OPD_ER_IO_PRINT', 'jommarn', '2021-07-21 16:15:30', 'jommarn', '2021-07-21 16:15:30', 0),
	('MEDICAL_RECORD', 'OPD_ER_IO_VIEW', 'jommarn', '2021-07-21 16:15:30', 'jommarn', '2021-07-21 16:15:30', 0),
	('MEDICAL_RECORD', 'OPD_ER_MEDICAL_HISTORY_PRINT', 'cha582', '2022-01-11 14:11:42', 'cha582', '2022-01-11 14:11:42', 0),
	('MEDICAL_RECORD', 'OPD_ER_NURSE_FOCUS_LIST_PRINT', 'cha582', '2022-01-11 14:22:09', 'cha582', '2022-01-11 14:22:09', 0),
	('MEDICAL_RECORD', 'OPD_ER_NURSE_FOCUS_NOTE_PRINT', 'cha582', '2022-01-11 14:24:38', 'cha582', '2022-01-11 14:24:38', 0),
	('MEDICAL_RECORD', 'OPD_ER_NURSE_INDEX_NOTE_VIEW', 'jommarn', '2021-07-21 16:15:30', 'jommarn', '2021-07-21 16:15:30', 0),
	('MEDICAL_RECORD', 'OPD_ER_NURSE_INDEX_PRINT', 'cha582', '2022-01-11 14:18:40', 'cha582', '2022-01-11 14:18:40', 0),
	('MEDICAL_RECORD', 'OPD_ER_NURSE_INDEX_VIEW', 'jommarn', '2021-07-21 16:15:30', 'jommarn', '2021-07-21 16:15:30', 0),
	('MEDICAL_RECORD', 'OPD_ER_NURSE_NOTE_VIEW', 'jommarn', '2021-07-21 16:15:30', 'jommarn', '2021-07-21 16:15:30', 0),
	('MEDICAL_RECORD', 'OPD_ER_NURSE_PROGRAM_ACCESS', 'jommarn', '2021-07-21 16:15:30', 'jommarn', '2021-07-21 16:15:30', 0),
	('MEDICAL_RECORD', 'OPD_ER_ORDER_PRINT', 'cha582', '2022-01-11 14:15:12', 'cha582', '2022-01-11 14:15:12', 0),
	('MEDICAL_RECORD', 'OPD_ER_ORDER_VIEW', 'jommarn', '2021-07-21 16:15:30', 'jommarn', '2021-07-21 16:15:30', 0),
  ('MEDICAL_RECORD', 'OPD_ER_OTHER_ORDER_PROGRAM_ACCESS', 'jommarn', '2021-07-21 16:15:30', 'jommarn', '2021-07-21 16:15:30', 0),
	('MEDICAL_RECORD', 'OPD_ER_PHARMACY_ORDER_PROGRAM_ACCESS', 'jommarn', '2021-07-21 16:15:30', 'jommarn', '2021-07-21 16:15:30', 0),
	('MEDICAL_RECORD', 'OPD_ER_PROGRESS_NOTE_VIEW', 'jommarn', '2021-07-21 16:15:30', 'jommarn', '2021-07-21 16:15:30', 0),
	('MEDICAL_RECORD', 'OPD_ER_VITAL_SIGN_PRINT', 'cha582', '2022-01-11 14:26:50', 'cha582', '2022-01-11 14:26:50', 0),
	('MEDICAL_RECORD', 'OPD_ER_VITAL_SIGN_VIEW', 'jommarn', '2021-07-21 16:15:30', 'jommarn', '2021-07-21 16:15:30', 0),
	('MEDICAL_RECORD', 'OPERATION_VIEW', 'jommarn', '2020-03-18 11:54:17', 'jommarn', '2020-03-18 11:54:17', 0),
	('MEDICAL_RECORD', 'PROGRESS_NOTE_VIEW', 'jommarn', '2020-03-18 11:54:17', 'jommarn', '2020-03-18 11:54:17', 0),
	('MEDICAL_RECORD', 'SCAN_DOCUMENT_ACCESS', 'jommarn', '2020-03-18 11:54:17', 'jommarn', '2020-03-18 11:54:17', 0),
	('MEDICAL_RECORD', 'VITAL_SIGN_VIEW', 'jommarn', '2020-03-18 11:54:17', 'jommarn', '2020-03-18 11:54:17', 0),
	('MEDICAL_RECORD', 'XRAY_VIEW', 'jommarn', '2020-03-18 11:54:17', 'jommarn', '2020-03-18 11:54:17', 0),
	('MEDICAL_RECORD_IPD', 'IO_PRINT', 'cha582', '2020-11-25 09:27:15', 'cha582', '2020-11-25 09:27:20', 0),
	('MEDICAL_RECORD_IPD', 'IPD_DOCTOR_CONSULT_PRINT', 'cha582', '2021-03-22 14:31:31', 'cha582', '2021-03-22 14:31:36', 0),
	('MEDICAL_RECORD_IPD', 'IPD_DOCUMENT_PRINT', 'cha582', '2021-07-19 14:07:59', 'cha582', '2021-07-19 14:07:59', 0),
	('MEDICAL_RECORD_IPD', 'IPD_ORDER_PRINT', 'jommarn', '2020-11-06 12:04:14', 'jommarn', '2020-11-06 12:04:14', 0),
	('MEDICAL_RECORD_IPD', 'OPD_ER_ORDER_PRINT', 'jommarn', '2021-07-21 16:15:30', 'jommarn', '2021-07-21 16:15:30', 0),
	('MSO', 'ADMISSION_NOTE_EDIT', '', '0000-00-00 00:00:00', '', '0000-00-00 00:00:00', 0),
	('MSO', 'ADMISSION_NOTE_VIEW', 'pat580', '2020-03-12 17:49:30', 'pat580', '2020-03-12 17:49:30', 0),
	('MSO', 'DATA_TYPE_DOCTOR_USE', 'jommarn', '2020-05-31 15:14:03', 'jommarn', '2020-05-31 15:14:03', 0),
	('MSO', 'EMR_VIEW', 'jommarn', '2020-01-18 15:54:41', 'jommarn', '2020-01-18 15:54:41', 0),
	('MSO', 'IO_VIEW', 'cha582', '2020-03-03 09:02:12', 'cha582', '2020-03-03 09:02:12', 0),
	('MSO', 'IPD_DISCHARGE_SUMMARY_ADD', 'cha582', '2020-03-03 09:02:12', 'cha582', '2020-03-03 09:02:12', 0),
	('MSO', 'IPD_DISCHARGE_SUMMARY_EDIT', 'cha582', '2020-03-03 09:02:12', 'cha582', '2020-03-03 09:02:12', 0),
	('MSO', 'IPD_DISCHARGE_SUMMARY_REMOVE', 'cha582', '2020-03-03 09:02:12', 'cha582', '2020-03-03 09:02:12', 0),
	('MSO', 'IPD_DISCHARGE_SUMMARY_VIEW', 'cha582', '2020-03-03 09:02:12', 'cha582', '2020-03-03 09:02:12', 0),
	('MSO', 'IPD_DOCTOR_CONSULT_ADD', 'cha582', '2021-01-31 16:04:27', 'cha582', '2021-01-31 16:04:32', 0),
	('MSO', 'IPD_DOCTOR_CONSULT_EDIT', 'cha582', '2021-01-31 16:04:27', 'cha582', '2021-01-31 16:04:32', 0),
	('MSO', 'IPD_DOCTOR_CONSULT_REMOVE', 'cha582', '2021-01-31 16:04:27', 'cha582', '2021-01-31 16:04:32', 0),
	('MSO', 'IPD_DOCTOR_CONSULT_VIEW', 'cha582', '2021-01-31 16:04:27', 'cha582', '2021-01-31 16:04:32', 0),
	('MSO', 'IPD_DOCTOR_MAIN_PROGRAM_ACCESS', 'jommarn', '2020-01-18 15:54:41', 'jommarn', '2020-01-18 15:54:41', 0),
  ('MSO', 'IPD_LAB_READ_ADD', 'jommarn', '2020-07-25 19:41:06', 'jommarn', '2020-07-25 19:41:06', 0),
	('MSO', 'IPD_LAB_READ_EDIT', 'jommarn', '2020-07-25 19:41:06', 'jommarn', '2020-07-25 19:41:06', 0),
	('MSO', 'IPD_LAB_READ_REMOVE', 'jommarn', '2020-07-25 19:41:06', 'jommarn', '2020-07-25 19:41:06', 0),
	('MSO', 'IPD_LAB_READ_VIEW', 'jommarn', '2020-07-25 19:41:06', 'jommarn', '2020-07-25 19:41:06', 0),
	('MSO', 'IPD_NURSE_ADDMISSION_NOTE_VIEW', 'cha582', '2020-06-21 18:51:48', 'cha582', '2020-06-21 18:51:54', 0),
	('MSO', 'IPD_NURSE_INDEX_VIEW', 'jommarn', '2020-07-25 19:48:22', 'jommarn', '2020-07-25 19:48:22', 0),
  ('MSO', 'IPD_NURSE_INDEX_NOTE_VIEW', 'jommarn', '2020-07-25 20:37:06', 'jommarn', '2020-07-25 20:37:06', 0),
	('MSO', 'IPD_NURSE_NOTE_VIEW', 'cha582', '2020-03-09 11:25:56', 'cga582', '2020-03-09 11:25:56', 0),
	('MSO', 'IPD_ORDER_ADD', 'jommarn', '2020-01-18 15:54:41', 'jommarn', '2020-01-18 15:54:41', 0),
  ('MSO', 'IPD_ORDER_CHECK', 'marisada', '2025-04-06 00:00:00', 'marisada', '2025-04-06 00:00:00', 0),
	('MSO', 'IPD_ORDER_EDIT', 'jommarn', '2020-01-18 15:54:41', 'jommarn', '2020-01-18 15:54:41', 0),
	('MSO', 'IPD_ORDER_OFF', 'jommarn', '2020-01-18 15:54:41', 'jommarn', '2020-01-18 15:54:41', 0),
	('MSO', 'IPD_ORDER_REMOVE', 'jommarn', '2020-01-18 15:54:41', 'jommarn', '2020-01-18 15:54:41', 0),
	('MSO', 'IPD_ORDER_VIEW', 'jommarn', '2020-01-18 15:54:41', 'jommarn', '2020-01-18 15:54:41', 0),
	('MSO', 'LAB_VIEW', 'jommarn', '2020-01-18 15:54:41', 'jommarn', '2020-01-18 15:54:41', 0),
	('MSO', 'MED_RECONCILIATION_VIEW', 'jommarn', '2020-01-18 15:54:41', 'jommarn', '2020-01-18 15:54:41', 0),
	('MSO', 'OPD_ER_DOCTOR_PROGRAM_ACCESS', 'jommarn', '2021-07-21 16:15:30', 'jommarn', '2021-07-21 16:15:30', 0),
	('MSO', 'OPD_ER_IO_VIEW', 'jommarn', '2021-07-21 16:15:30', 'jommarn', '2021-07-21 16:15:30', 0),
	('MSO', 'OPD_ER_NURSE_INDEX_VIEW', 'jommarn', '2021-07-21 16:15:30', 'jommarn', '2021-07-21 16:15:30', 0),
	('MSO', 'OPD_ER_NURSE_NOTE_VIEW', 'jommarn', '2021-07-21 16:15:30', 'jommarn', '2021-07-21 16:15:30', 0),
	('MSO', 'OPD_ER_ORDER_ADD', 'jommarn', '2021-07-21 16:15:30', 'jommarn', '2021-07-21 16:15:30', 0),
  ('MSO', 'OPD_ER_ORDER_CHECK', 'marisada', '2025-04-06 00:00:00', 'marisada', '2025-04-06 00:00:00', 0),
	('MSO', 'OPD_ER_ORDER_EDIT', 'jommarn', '2021-07-21 16:15:30', 'jommarn', '2021-07-21 16:15:30', 0),
	('MSO', 'OPD_ER_ORDER_OFF', 'jommarn', '2021-07-21 16:15:30', 'jommarn', '2021-07-21 16:15:30', 0),
	('MSO', 'OPD_ER_ORDER_REMOVE', 'jommarn', '2021-07-21 16:15:30', 'jommarn', '2021-07-21 16:15:30', 0),
	('MSO', 'OPD_ER_ORDER_VIEW', 'jommarn', '2021-07-21 16:15:30', 'jommarn', '2021-07-21 16:15:30', 0),
	('MSO', 'OPD_ER_PROGRESS_NOTE_ADD', 'jommarn', '2021-07-21 16:15:30', 'jommarn', '2021-07-21 16:15:30', 0),
	('MSO', 'OPD_ER_PROGRESS_NOTE_EDIT', 'jommarn', '2021-07-21 16:15:30', 'jommarn', '2021-07-21 16:15:30', 0),
	('MSO', 'OPD_ER_PROGRESS_NOTE_REMOVE', 'jommarn', '2021-07-21 16:15:30', 'jommarn', '2021-07-21 16:15:30', 0),
	('MSO', 'OPD_ER_PROGRESS_NOTE_VIEW', 'jommarn', '2021-07-21 16:15:30', 'jommarn', '2021-07-21 16:15:30', 0),
	('MSO', 'OPD_ER_VITAL_SIGN_VIEW', 'jommarn', '2021-07-21 16:15:30', 'jommarn', '2021-07-21 16:15:30', 0),
	('MSO', 'PROGRESS_NOTE_ADD', 'jommarn', '2020-01-18 15:54:41', 'jommarn', '2020-01-18 15:54:41', 0),
	('MSO', 'PROGRESS_NOTE_EDIT', 'jommarn', '2020-01-18 15:54:41', 'jommarn', '2020-01-18 15:54:41', 0),
	('MSO', 'PROGRESS_NOTE_REMOVE', 'jommarn', '2020-01-18 15:54:41', 'jommarn', '2020-01-18 15:54:41', 0),
	('MSO', 'PROGRESS_NOTE_VIEW', 'jommarn', '2020-01-18 15:54:41', 'jommarn', '2020-01-18 15:54:41', 0),
	('MSO', 'SCAN_DOCUMENT_ACCESS', 'jommarn', '2020-03-05 15:45:48', 'jommarn', '2020-03-05 15:45:48', 0),
	('MSO', 'VITAL_SIGN_VIEW', 'jommarn', '2020-01-18 15:54:41', 'jommarn', '2020-01-18 15:54:41', 0),
	('MSO', 'XRAY_VIEW', 'jommarn', '2020-03-05 15:45:48', 'jommarn', '2020-03-05 15:45:48', 0),
	('NURSE', 'DATA_TYPE_NURSE_USE', 'jommarn', '2020-05-31 15:14:03', 'jommarn', '2020-05-31 15:14:03', 0),
	('NURSE_CARDIO_VASCULAR', 'EMR_VIEW', 'jommarn', '2020-03-05 15:45:48', 'jommarn', '2020-03-05 15:45:48', 0),
	('NURSE_CARDIO_VASCULAR', 'IPD_DOCTOR_CONSULT_VIEW', 'cha582', '2021-02-15 16:32:55', 'cha582', '2021-02-15 16:32:55', 0),
	('NURSE_CARDIO_VASCULAR', 'IPD_NURSE_ADDMISSION_NOTE_VIEW', 'jommarn', '2020-06-21 21:25:26', 'jommarn', '2020-06-21 21:25:26', 0),
	('NURSE_CARDIO_VASCULAR', 'IPD_NURSE_NOTE_ADD', 'jommarn', '2020-03-05 15:45:48', 'jommarn', '2020-03-05 15:45:48', 0),
	('NURSE_CARDIO_VASCULAR', 'IPD_NURSE_NOTE_EDIT', 'jommarn', '2020-03-05 15:45:48', 'jommarn', '2020-03-05 15:45:48', 0),
	('NURSE_CARDIO_VASCULAR', 'IPD_NURSE_NOTE_REMOVE', 'jommarn', '2020-03-05 15:45:48', 'jommarn', '2020-03-05 15:45:48', 0),
	('NURSE_CARDIO_VASCULAR', 'IPD_NURSE_NOTE_VIEW', 'jommarn', '2020-03-05 15:45:48', 'jommarn', '2020-03-05 15:45:48', 0),
	('NURSE_CARDIO_VASCULAR', 'IPD_ORDER_VIEW', 'jommarn', '2020-03-05 15:45:48', 'jommarn', '2020-03-05 15:45:48', 0),
	('NURSE_CARDIO_VASCULAR', 'LAB_VIEW', 'jommarn', '2020-03-05 15:45:48', 'jommarn', '2020-03-05 15:45:48', 0),
	('NURSE_CARDIO_VASCULAR', 'OPD_ER_IO_VIEW', 'jommarn', '2021-08-13 00:29:52', 'jommarn', '2021-08-13 00:29:52', 0),
	('NURSE_CARDIO_VASCULAR', 'OPD_ER_NURSE_NOTE_VIEW', 'jommarn', '2021-07-21 16:15:30', 'jommarn', '2021-07-21 16:15:30', 0),
	('NURSE_CARDIO_VASCULAR', 'OPD_ER_ORDER_VIEW', 'jommarn', '2021-07-21 16:15:30', 'jommarn', '2021-07-21 16:15:30', 0),
	('NURSE_CARDIO_VASCULAR', 'OPD_ER_PROGRESS_NOTE_ADD', 'jommarn', '2021-07-21 16:15:30', 'jommarn', '2021-07-21 16:15:30', 0),
	('NURSE_CARDIO_VASCULAR', 'OPD_ER_PROGRESS_NOTE_EDIT', 'jommarn', '2021-07-21 16:15:30', 'jommarn', '2021-07-21 16:15:30', 0),
	('NURSE_CARDIO_VASCULAR', 'OPD_ER_PROGRESS_NOTE_REMOVE', 'jommarn', '2021-07-21 16:15:30', 'jommarn', '2021-07-21 16:15:30', 0),
	('NURSE_CARDIO_VASCULAR', 'OPD_ER_PROGRESS_NOTE_VIEW', 'jommarn', '2021-07-21 16:15:30', 'jommarn', '2021-07-21 16:15:30', 0),
	('NURSE_CARDIO_VASCULAR', 'OPD_ER_VITAL_SIGN_VIEW', 'jommarn', '2021-07-21 16:15:30', 'jommarn', '2021-07-21 16:15:30', 0),
	('NURSE_CARDIO_VASCULAR', 'PROGRESS_NOTE_ADD', 'jommarn', '2020-03-05 15:45:48', 'jommarn', '2020-03-05 15:45:48', 0),
	('NURSE_CARDIO_VASCULAR', 'PROGRESS_NOTE_EDIT', 'jommarn', '2020-03-05 15:45:48', 'jommarn', '2020-03-05 15:45:48', 0),
	('NURSE_CARDIO_VASCULAR', 'PROGRESS_NOTE_REMOVE', 'jommarn', '2020-03-05 15:45:48', 'jommarn', '2020-03-05 15:45:48', 0),
	('NURSE_CARDIO_VASCULAR', 'PROGRESS_NOTE_VIEW', 'jommarn', '2020-03-05 15:45:48', 'jommarn', '2020-03-05 15:45:48', 0),
	('NURSE_CARDIO_VASCULAR', 'SCAN_DOCUMENT_ACCESS', 'jommarn', '2020-03-05 15:45:48', 'jommarn', '2020-03-05 15:45:48', 0),
	('NURSE_CARDIO_VASCULAR', 'VITAL_SIGN_VIEW', 'jommarn', '2020-03-05 15:45:48', 'jommarn', '2020-03-05 15:45:48', 0),
	('NURSE_CARDIO_VASCULAR', 'XRAY_VIEW', 'jommarn', '2020-03-05 15:45:48', 'jommarn', '2020-03-05 15:45:48', 0),
	('NURSE_ER_PN_NA', 'EMR_VIEW', 'jommarn', '2020-03-05 15:57:39', 'jommarn', '2020-03-05 15:57:39', 0),
	('NURSE_ER_PN_NA', 'IPD_DOCTOR_CONSULT_VIEW', 'cha582', '2021-02-15 16:32:55', 'cha582', '2021-02-15 16:32:55', 0),
	('NURSE_ER_PN_NA', 'IPD_DOCTOR_INCHARGE_VIEW', 'jommarn', '2020-03-05 15:57:39', 'jommarn', '2020-03-05 15:57:39', 0),
	('NURSE_ER_PN_NA', 'IPD_NURSE_INDEX_NOTE_VIEW', 'jommarn', '2020-07-25 20:37:06', 'jommarn', '2020-07-25 20:37:06', 0),
	('NURSE_ER_PN_NA', 'IPD_NURSE_INDEX_VIEW', 'jommarn', '2020-03-05 15:57:39', 'jommarn', '2020-03-05 15:57:39', 0),
	('NURSE_ER_PN_NA', 'IPD_NURSE_MAIN_PROGRAM_ACCESS', 'jommarn', '2020-03-05 15:57:39', 'jommarn', '2020-03-05 15:57:39', 0),
	('NURSE_ER_PN_NA', 'IPD_ORDER_VIEW', 'jommarn', '2020-05-31 17:22:48', 'jommarn', '2020-05-31 17:22:48', 0),
	('NURSE_ER_PN_NA', 'OPD_ER_IO_VIEW', 'jommarn', '2021-08-13 00:32:11', 'jommarn', '2021-08-13 00:32:11', 0),
	('NURSE_ER_PN_NA', 'OPD_ER_NURSE_INDEX_NOTE_VIEW', 'jommarn', '2021-07-21 16:15:30', 'jommarn', '2021-07-21 16:15:30', 0),
	('NURSE_ER_PN_NA', 'OPD_ER_NURSE_INDEX_VIEW', 'jommarn', '2021-07-21 16:15:30', 'jommarn', '2021-07-21 16:15:30', 0),
	('NURSE_ER_PN_NA', 'OPD_ER_NURSE_PROGRAM_ACCESS', 'jommarn', '2021-07-21 16:15:30', 'jommarn', '2021-07-21 16:15:30', 0),
	('NURSE_ER_PN_NA', 'OPD_ER_ORDER_VIEW', 'jommarn', '2021-07-21 16:15:30', 'jommarn', '2021-07-21 16:15:30', 0),
	('NURSE_ER_PN_NA', 'OPD_ER_PROGRESS_NOTE_VIEW', 'jommarn', '2021-07-21 16:15:30', 'jommarn', '2021-07-21 16:15:30', 0),
	('NURSE_ER_PN_NA', 'OPD_ER_VITAL_SIGN_ADD', 'jommarn', '2021-07-21 16:15:30', 'jommarn', '2021-07-21 16:15:30', 0),
	('NURSE_ER_PN_NA', 'OPD_ER_VITAL_SIGN_EDIT', 'jommarn', '2021-07-21 16:15:30', 'jommarn', '2021-07-21 16:15:30', 0),
	('NURSE_ER_PN_NA', 'OPD_ER_VITAL_SIGN_REMOVE', 'jommarn', '2021-07-21 16:15:30', 'jommarn', '2021-07-21 16:15:30', 0),
	('NURSE_ER_PN_NA', 'OPD_ER_VITAL_SIGN_VIEW', 'jommarn', '2021-07-21 16:15:30', 'jommarn', '2021-07-21 16:15:30', 0),
	('NURSE_ER_PN_NA', 'PROGRESS_NOTE_VIEW', 'jommarn', '2020-05-31 17:22:48', 'jommarn', '2020-05-31 17:22:48', 0),
	('NURSE_ER_RN_EMT', 'ADMISSION_NOTE_VIEW', 'pat580', '2020-03-12 17:49:30', 'pat580', '2020-03-12 17:49:30', 0),
	('NURSE_ER_RN_EMT', 'EMR_VIEW', 'jommarn', '2020-03-05 15:45:48', 'jommarn', '2020-03-05 15:45:48', 0),
	('NURSE_ER_RN_EMT', 'FOOD_ORDER_ACCESS', 'jommarn', '2020-03-05 15:45:48', 'jommarn', '2020-03-05 15:45:48', 0),
	('NURSE_ER_RN_EMT', 'IO_ADD', 'jommarn', '2020-03-05 15:45:48', 'jommarn', '2020-03-05 15:45:48', 0),
	('NURSE_ER_RN_EMT', 'IO_EDIT', 'jommarn', '2020-03-05 15:45:48', 'jommarn', '2020-03-05 15:45:48', 0),
	('NURSE_ER_RN_EMT', 'IO_REMOVE', 'jommarn', '2020-03-05 15:45:48', 'jommarn', '2020-03-05 15:45:48', 0),
	('NURSE_ER_RN_EMT', 'IO_VIEW', 'jommarn', '2020-03-05 15:45:48', 'jommarn', '2020-03-05 15:45:48', 0),
	('NURSE_ER_RN_EMT', 'IPD_DISCHARGE_SUMMARY_VIEW', 'cha582', '2020-03-18 10:08:04', 'cha582', '2020-03-18 10:08:04', 0),
	('NURSE_ER_RN_EMT', 'IPD_DOCTOR_CONSULT_VIEW', 'cha582', '2021-02-15 16:32:55', 'cha582', '2021-02-15 16:32:55', 0),
	('NURSE_ER_RN_EMT', 'IPD_DOCTOR_INCHARGE_VIEW', 'jommarn', '2020-03-05 15:45:48', 'jommarn', '2020-03-05 15:45:48', 0),
	('NURSE_ER_RN_EMT', 'IPD_NURSE_ADDMISSION_NOTE_VIEW', 'cha582', '2020-06-21 18:54:46', 'cha582', '2020-06-21 18:54:51', 0),
	('NURSE_ER_RN_EMT', 'IPD_NURSE_INDEX_ADD', 'jommarn', '2020-06-27 21:00:41', 'jommarn', '2020-06-27 21:00:41', 0),
	('NURSE_ER_RN_EMT', 'IPD_NURSE_INDEX_EDIT', 'jommarn', '2020-06-27 21:00:41', 'jommarn', '2020-06-27 21:00:41', 0),
	('NURSE_ER_RN_EMT', 'IPD_NURSE_INDEX_NOTE_ADD', 'jommarn', '2020-07-25 20:28:42', 'jommarn', '2020-07-25 20:28:42', 0),
	('NURSE_ER_RN_EMT', 'IPD_NURSE_INDEX_NOTE_EDIT', 'jommarn', '2020-07-25 20:28:42', 'jommarn', '2020-07-25 20:28:42', 0),
	('NURSE_ER_RN_EMT', 'IPD_NURSE_INDEX_NOTE_REMOVE', 'jommarn', '2020-07-25 20:28:42', 'jommarn', '2020-07-25 20:28:42', 0),
	('NURSE_ER_RN_EMT', 'IPD_NURSE_INDEX_NOTE_VIEW', 'jommarn', '2020-07-25 20:28:42', 'jommarn', '2020-07-25 20:28:42', 0),
	('NURSE_ER_RN_EMT', 'IPD_NURSE_INDEX_REMOVE', 'jommarn', '2020-06-27 21:00:41', 'jommarn', '2020-06-27 21:00:41', 0),
	('NURSE_ER_RN_EMT', 'IPD_NURSE_INDEX_VIEW', 'jommarn', '2020-03-05 15:45:48', 'jommarn', '2020-03-05 15:45:48', 0),
	('NURSE_ER_RN_EMT', 'IPD_NURSE_MAIN_PROGRAM_ACCESS', 'jommarn', '2020-03-05 15:45:48', 'jommarn', '2020-03-05 15:45:48', 0),
	('NURSE_ER_RN_EMT', 'IPD_NURSE_NOTE_EDIT', 'cha582', '0000-00-00 00:00:00', 'cha582', '0000-00-00 00:00:00', 0),
	('NURSE_ER_RN_EMT', 'IPD_NURSE_NOTE_VIEW', 'jommarn', '2020-03-05 15:45:48', 'jommarn', '2020-03-05 15:45:48', 0),
	('NURSE_ER_RN_EMT', 'IPD_ORDER_ADD', 'jommarn', '2020-03-05 15:45:48', 'jommarn', '2020-03-05 15:45:48', 0),
	('NURSE_ER_RN_EMT', 'IPD_ORDER_CONFIRM', 'jommarn', '2020-03-05 15:45:48', 'jommarn', '2020-03-05 15:45:48', 0),
	('NURSE_ER_RN_EMT', 'IPD_ORDER_EDIT', 'jommarn', '2020-03-05 15:45:48', 'jommarn', '2020-03-05 15:45:48', 0),
  ('NURSE_ER_RN_EMT', 'IPD_ORDER_OFF', 'jommarn', '2020-01-18 15:54:41', 'jommarn', '2020-01-18 15:54:41', 0),
	('NURSE_ER_RN_EMT', 'IPD_ORDER_REMOVE', 'jommarn', '2020-03-05 15:45:48', 'jommarn', '2020-03-05 15:45:48', 0),
	('NURSE_ER_RN_EMT', 'IPD_ORDER_VIEW', 'jommarn', '2020-03-05 15:45:48', 'jommarn', '2020-03-05 15:45:48', 0),
	('NURSE_ER_RN_EMT', 'LAB_VIEW', 'jommarn', '2020-03-05 15:45:48', 'jommarn', '2020-03-05 15:45:48', 0),
	('NURSE_ER_RN_EMT', 'MED_RECONCILIATION_VIEW', 'jommarn', '2020-03-05 15:45:48', 'jommarn', '2020-03-05 15:45:48', 0),
	('NURSE_ER_RN_EMT', 'OPD_ER_IO_ADD', 'jommarn', '2021-07-21 16:15:30', 'jommarn', '2021-07-21 16:15:30', 0),
	('NURSE_ER_RN_EMT', 'OPD_ER_IO_EDIT', 'jommarn', '2021-07-21 16:15:30', 'jommarn', '2021-07-21 16:15:30', 0),
	('NURSE_ER_RN_EMT', 'OPD_ER_IO_REMOVE', 'jommarn', '2021-07-21 16:15:30', 'jommarn', '2021-07-21 16:15:30', 0),
	('NURSE_ER_RN_EMT', 'OPD_ER_IO_VIEW', 'jommarn', '2021-07-21 16:15:30', 'jommarn', '2021-07-21 16:15:30', 0),
	('NURSE_ER_RN_EMT', 'OPD_ER_NURSE_INDEX_ADD', 'jommarn', '2021-07-21 16:15:30', 'jommarn', '2021-07-21 16:15:30', 0),
	('NURSE_ER_RN_EMT', 'OPD_ER_NURSE_INDEX_EDIT', 'jommarn', '2021-07-21 16:15:30', 'jommarn', '2021-07-21 16:15:30', 0),
	('NURSE_ER_RN_EMT', 'OPD_ER_NURSE_INDEX_NOTE_ADD', 'jommarn', '2021-07-21 16:15:30', 'jommarn', '2021-07-21 16:15:30', 0),
	('NURSE_ER_RN_EMT', 'OPD_ER_NURSE_INDEX_NOTE_EDIT', 'jommarn', '2021-07-21 16:15:30', 'jommarn', '2021-07-21 16:15:30', 0),
	('NURSE_ER_RN_EMT', 'OPD_ER_NURSE_INDEX_NOTE_REMOVE', 'jommarn', '2021-07-21 16:15:30', 'jommarn', '2021-07-21 16:15:30', 0),
	('NURSE_ER_RN_EMT', 'OPD_ER_NURSE_INDEX_NOTE_VIEW', 'jommarn', '2021-07-21 16:15:30', 'jommarn', '2021-07-21 16:15:30', 0),
	('NURSE_ER_RN_EMT', 'OPD_ER_NURSE_INDEX_REMOVE', 'jommarn', '2021-07-21 16:15:30', 'jommarn', '2021-07-21 16:15:30', 0),
	('NURSE_ER_RN_EMT', 'OPD_ER_NURSE_INDEX_VIEW', 'jommarn', '2021-07-21 16:15:30', 'jommarn', '2021-07-21 16:15:30', 0),
	('NURSE_ER_RN_EMT', 'OPD_ER_NURSE_NOTE_ADD', 'jommarn', '2021-07-21 16:15:30', 'jommarn', '2021-07-21 16:15:30', 0),
	('NURSE_ER_RN_EMT', 'OPD_ER_NURSE_NOTE_EDIT', 'jommarn', '2021-07-21 16:15:30', 'jommarn', '2021-07-21 16:15:30', 0),
	('NURSE_ER_RN_EMT', 'OPD_ER_NURSE_NOTE_REMOVE', 'jommarn', '2021-07-21 16:15:30', 'jommarn', '2021-07-21 16:15:30', 0),
	('NURSE_ER_RN_EMT', 'OPD_ER_NURSE_NOTE_VIEW', 'jommarn', '2021-07-21 16:15:30', 'jommarn', '2021-07-21 16:15:30', 0),
	('NURSE_ER_RN_EMT', 'OPD_ER_NURSE_PROGRAM_ACCESS', 'jommarn', '2021-07-21 16:15:30', 'jommarn', '2021-07-21 16:15:30', 0),
	('NURSE_ER_RN_EMT', 'OPD_ER_ORDER_ACCEPT', 'jommarn', '2021-07-21 16:15:30', 'jommarn', '2021-07-21 16:15:30', 0),
	('NURSE_ER_RN_EMT', 'OPD_ER_ORDER_ADD', 'jommarn', '2021-07-21 16:15:30', 'jommarn', '2021-07-21 16:15:30', 0),
	('NURSE_ER_RN_EMT', 'OPD_ER_ORDER_CONFIRM', 'jommarn', '2021-07-21 16:15:30', 'jommarn', '2021-07-21 16:15:30', 0),
	('NURSE_ER_RN_EMT', 'OPD_ER_ORDER_EDIT', 'jommarn', '2021-07-21 16:15:30', 'jommarn', '2021-07-21 16:15:30', 0),
	('NURSE_ER_RN_EMT', 'OPD_ER_ORDER_REMOVE', 'jommarn', '2021-07-21 16:15:30', 'jommarn', '2021-07-21 16:15:30', 0),
	('NURSE_ER_RN_EMT', 'OPD_ER_ORDER_VIEW', 'jommarn', '2021-07-21 16:15:30', 'jommarn', '2021-07-21 16:15:30', 0),
	('NURSE_ER_RN_EMT', 'OPD_ER_PROGRESS_NOTE_ADD', 'jommarn', '2021-07-21 16:15:30', 'jommarn', '2021-07-21 16:15:30', 0),
	('NURSE_ER_RN_EMT', 'OPD_ER_PROGRESS_NOTE_EDIT', 'jommarn', '2021-07-21 16:15:30', 'jommarn', '2021-07-21 16:15:30', 0),
	('NURSE_ER_RN_EMT', 'OPD_ER_PROGRESS_NOTE_REMOVE', 'jommarn', '2021-07-21 16:15:30', 'jommarn', '2021-07-21 16:15:30', 0),
	('NURSE_ER_RN_EMT', 'OPD_ER_PROGRESS_NOTE_VIEW', 'jommarn', '2021-07-21 16:15:30', 'jommarn', '2021-07-21 16:15:30', 0),
	('NURSE_ER_RN_EMT', 'OPD_ER_VITAL_SIGN_ADD', 'jommarn', '2021-07-21 16:15:30', 'jommarn', '2021-07-21 16:15:30', 0),
	('NURSE_ER_RN_EMT', 'OPD_ER_VITAL_SIGN_EDIT', 'jommarn', '2021-07-21 16:15:30', 'jommarn', '2021-07-21 16:15:30', 0),
	('NURSE_ER_RN_EMT', 'OPD_ER_VITAL_SIGN_REMOVE', 'jommarn', '2021-07-21 16:15:30', 'jommarn', '2021-07-21 16:15:30', 0),
	('NURSE_ER_RN_EMT', 'OPD_ER_VITAL_SIGN_VIEW', 'jommarn', '2021-07-21 16:15:30', 'jommarn', '2021-07-21 16:15:30', 0),
	('NURSE_ER_RN_EMT', 'PROGRESS_NOTE_ADD', 'jommarn', '2020-03-05 15:45:48', 'jommarn', '2020-03-05 15:45:48', 0),
	('NURSE_ER_RN_EMT', 'PROGRESS_NOTE_EDIT', 'jommarn', '2020-03-05 15:45:48', 'jommarn', '2020-03-05 15:45:48', 0),
	('NURSE_ER_RN_EMT', 'PROGRESS_NOTE_REMOVE', 'jommarn', '2020-03-05 15:45:48', 'jommarn', '2020-03-05 15:45:48', 0),
	('NURSE_ER_RN_EMT', 'PROGRESS_NOTE_VIEW', 'jommarn', '2020-03-05 15:45:48', 'jommarn', '2020-03-05 15:45:48', 0),
	('NURSE_ER_RN_EMT', 'SCAN_DOCUMENT_ACCESS', 'jommarn', '2020-03-05 15:45:48', 'jommarn', '2020-03-05 15:45:48', 0),
	('NURSE_ER_RN_EMT', 'VITAL_SIGN_VIEW', 'jommarn', '2020-03-05 15:45:48', 'jommarn', '2020-03-05 15:45:48', 0),
	('NURSE_ER_RN_EMT', 'XRAY_VIEW', 'jommarn', '2020-03-05 15:45:48', 'jommarn', '2020-03-05 15:45:48', 0),
	('NURSE_IPD_PN_NA', 'EMR_VIEW', 'jommarn', '2020-03-05 14:53:27', 'jommarn', '2020-03-05 14:53:27', 0),
	('NURSE_IPD_PN_NA', 'FOOD_ORDER_ACCESS', 'jommarn', '2020-03-05 14:53:27', 'jommarn', '2020-03-05 14:53:27', 0),
	('NURSE_IPD_PN_NA', 'IO_ADD', 'jommarn', '2020-06-12 12:23:46', 'jommarn', '2020-06-12 12:23:46', 0),
	('NURSE_IPD_PN_NA', 'IO_EDIT', 'jommarn', '2020-06-12 12:23:46', 'jommarn', '2020-06-12 12:23:46', 0),
	('NURSE_IPD_PN_NA', 'IO_REMOVE', 'jommarn', '2020-06-12 12:23:46', 'jommarn', '2020-06-12 12:23:46', 0),
	('NURSE_IPD_PN_NA', 'IO_VIEW', 'jommarn', '2020-06-12 12:23:46', 'jommarn', '2020-06-12 12:23:46', 0),
	('NURSE_IPD_PN_NA', 'IPD_DOCTOR_CONSULT_VIEW', 'cha582', '2021-02-15 16:32:55', 'cha582', '2021-02-15 16:32:55', 0),
	('NURSE_IPD_PN_NA', 'IPD_DOCTOR_INCHARGE_ADD', 'jommarn', '2020-03-05 14:53:27', 'jommarn', '2020-03-05 14:53:27', 0),
	('NURSE_IPD_PN_NA', 'IPD_DOCTOR_INCHARGE_EDIT', 'jommarn', '2020-03-05 14:53:27', 'jommarn', '2020-03-05 14:53:27', 0),
	('NURSE_IPD_PN_NA', 'IPD_DOCTOR_INCHARGE_REMOVE', 'jommarn', '2020-03-05 14:53:27', 'jommarn', '2020-03-05 14:53:27', 0),
	('NURSE_IPD_PN_NA', 'IPD_DOCTOR_INCHARGE_VIEW', 'jommarn', '2020-03-05 14:53:27', 'jommarn', '2020-03-05 14:53:27', 0),
	('NURSE_IPD_PN_NA', 'IPD_NURSE_INDEX_NOTE_VIEW', 'jommarn', '2020-07-25 20:37:06', 'jommarn', '2020-07-25 20:37:06', 0),
	('NURSE_IPD_PN_NA', 'IPD_NURSE_INDEX_VIEW', 'jommarn', '2020-03-05 14:53:27', 'jommarn', '2020-03-05 14:53:27', 0),
	('NURSE_IPD_PN_NA', 'IPD_NURSE_MAIN_PROGRAM_ACCESS', 'jommarn', '2020-03-05 14:53:27', 'jommarn', '2020-03-05 14:53:27', 0),
	('NURSE_IPD_PN_NA', 'IPD_ORDER_VIEW', 'jommarn', '2020-05-31 17:17:10', 'jommarn', '2020-05-31 17:17:10', 0),
	('NURSE_IPD_PN_NA', 'OPD_ER_IO_VIEW', 'jommarn', '2021-07-21 16:15:30', 'jommarn', '2021-07-21 16:15:30', 0),
	('NURSE_IPD_PN_NA', 'OPD_ER_NURSE_INDEX_NOTE_VIEW', 'jommarn', '2021-07-21 16:15:30', 'jommarn', '2021-07-21 16:15:30', 0),
	('NURSE_IPD_PN_NA', 'OPD_ER_NURSE_INDEX_VIEW', 'jommarn', '2021-07-21 16:15:30', 'jommarn', '2021-07-21 16:15:30', 0),
	('NURSE_IPD_PN_NA', 'OPD_ER_NURSE_PROGRAM_ACCESS', 'jommarn', '2021-07-21 16:15:30', 'jommarn', '2021-07-21 16:15:30', 0),
	('NURSE_IPD_PN_NA', 'OPD_ER_ORDER_VIEW', 'jommarn', '2021-07-21 16:15:30', 'jommarn', '2021-07-21 16:15:30', 0),
	('NURSE_IPD_PN_NA', 'OPD_ER_PROGRESS_NOTE_VIEW', 'jommarn', '2021-07-21 16:15:30', 'jommarn', '2021-07-21 16:15:30', 0),
	('NURSE_IPD_PN_NA', 'OPD_ER_VITAL_SIGN_VIEW', 'jommarn', '2021-07-21 16:15:30', 'jommarn', '2021-07-21 16:15:30', 0),
	('NURSE_IPD_PN_NA', 'PROGRESS_NOTE_VIEW', 'jommarn', '2020-05-31 17:17:10', 'jommarn', '2020-05-31 17:17:10', 0),
	('NURSE_IPD_PN_NA', 'VITAL_SIGN_ADD', 'jommarn', '2020-03-05 14:53:27', 'jommarn', '2020-03-05 14:53:27', 0),
	('NURSE_IPD_PN_NA', 'VITAL_SIGN_EDIT', 'jommarn', '2020-03-05 14:53:27', 'jommarn', '2020-03-05 14:53:27', 0),
	('NURSE_IPD_PN_NA', 'VITAL_SIGN_REMOVE', 'jommarn', '2020-03-05 14:53:27', 'jommarn', '2020-03-05 14:53:27', 0),
	('NURSE_IPD_PN_NA', 'VITAL_SIGN_VIEW', 'jommarn', '2020-03-05 14:53:27', 'jommarn', '2020-03-05 14:53:27', 0),
	('NURSE_IPD_RN_TN', 'ADMISSION_NOTE_ADD', 'pat580', '2020-03-12 17:49:30', 'pat580', '2020-03-12 17:49:30', 0),
	('NURSE_IPD_RN_TN', 'ADMISSION_NOTE_EDIT', 'pat580', '2020-03-12 17:49:30', 'pat580', '2020-03-12 17:49:30', 0),
	('NURSE_IPD_RN_TN', 'ADMISSION_NOTE_VIEW', 'pat580', '2020-03-12 17:49:30', 'pat580', '2020-03-12 17:49:30', 0),
	('NURSE_IPD_RN_TN', 'EMR_VIEW', 'jommarn', '2020-01-18 15:54:41', 'jommarn', '2020-01-18 15:54:41', 0),
	('NURSE_IPD_RN_TN', 'FOOD_ORDER_ACCESS', 'jommarn', '2020-03-05 14:53:27', 'jommarn', '2020-03-05 14:53:27', 0),
	('NURSE_IPD_RN_TN', 'IO_ADD', 'cha582', '2020-03-02 16:41:28', 'cha582', '2020-03-02 16:41:28', 0),
	('NURSE_IPD_RN_TN', 'IO_EDIT', 'cha582', '2020-03-02 16:41:28', 'cha582', '2020-03-02 16:41:28', 0),
	('NURSE_IPD_RN_TN', 'IO_REMOVE', 'cha582', '2020-03-02 16:41:28', 'cha582', '2020-03-02 16:41:28', 0),
	('NURSE_IPD_RN_TN', 'IO_VIEW', 'cha582', '2020-06-21 19:04:07', 'cha582', '2020-06-21 19:04:11', 0),
	('NURSE_IPD_RN_TN', 'IPD_DISCHARGE_SUMMARY_VIEW', 'cha582', '2020-03-18 10:08:04', 'cha582', '2020-03-18 10:08:04', 0),
	('NURSE_IPD_RN_TN', 'IPD_DOCTOR_CONSULT_VIEW', 'cha582', '2021-01-31 17:15:18', 'cha582', '2021-01-31 17:15:18', 0),
	('NURSE_IPD_RN_TN', 'IPD_DOCTOR_INCHARGE_ADD', 'jommarn', '2020-03-05 14:53:27', 'jommarn', '2020-03-05 14:53:27', 0),
	('NURSE_IPD_RN_TN', 'IPD_DOCTOR_INCHARGE_EDIT', 'jommarn', '2020-03-05 14:53:27', 'jommarn', '2020-03-05 14:53:27', 0),
	('NURSE_IPD_RN_TN', 'IPD_DOCTOR_INCHARGE_REMOVE', 'jommarn', '2020-03-05 14:53:27', 'jommarn', '2020-03-05 14:53:27', 0),
	('NURSE_IPD_RN_TN', 'IPD_DOCTOR_INCHARGE_VIEW', 'jommarn', '2020-03-05 14:53:27', 'jommarn', '2020-03-05 14:53:27', 0),
	('NURSE_IPD_RN_TN', 'IPD_LAB_READ_ADD', 'jommarn', '2020-07-25 19:41:06', 'jommarn', '2020-07-25 19:41:06', 0),
	('NURSE_IPD_RN_TN', 'IPD_LAB_READ_EDIT', 'jommarn', '2020-07-25 19:41:06', 'jommarn', '2020-07-25 19:41:06', 0),
	('NURSE_IPD_RN_TN', 'IPD_LAB_READ_REMOVE', 'jommarn', '2020-07-25 19:41:06', 'jommarn', '2020-07-25 19:41:06', 0),
	('NURSE_IPD_RN_TN', 'IPD_LAB_READ_VIEW', 'jommarn', '2020-07-25 19:41:06', 'jommarn', '2020-07-25 19:41:06', 0),
	('NURSE_IPD_RN_TN', 'IPD_NURSE_ADDMISSION_NOTE_ADD', 'cha582', '2020-05-31 14:01:45', 'cha582', '2020-05-31 14:01:52', 0),
	('NURSE_IPD_RN_TN', 'IPD_NURSE_ADDMISSION_NOTE_EDIT', 'cha582', '2020-05-31 14:15:55', 'cha582', '2020-05-31 14:16:02', 0),
	('NURSE_IPD_RN_TN', 'IPD_NURSE_ADDMISSION_NOTE_VIEW', 'cha582', '2020-05-31 14:00:16', 'cha582', '2020-05-31 14:00:24', 0),
	('NURSE_IPD_RN_TN', 'IPD_NURSE_INDEX_ADD', 'jommarn', '2020-01-18 15:54:41', 'jommarn', '2020-01-18 15:54:41', 0),
	('NURSE_IPD_RN_TN', 'IPD_NURSE_INDEX_EDIT', 'jommarn', '2020-01-18 15:54:41', 'jommarn', '2020-01-18 15:54:41', 0),
	('NURSE_IPD_RN_TN', 'IPD_NURSE_INDEX_NOTE_ADD', 'jommarn', '2020-07-25 19:41:06', 'jommarn', '2020-07-25 19:41:06', 0),
	('NURSE_IPD_RN_TN', 'IPD_NURSE_INDEX_NOTE_EDIT', 'jommarn', '2020-07-25 19:41:06', 'jommarn', '2020-07-25 19:41:06', 0),
	('NURSE_IPD_RN_TN', 'IPD_NURSE_INDEX_NOTE_REMOVE', 'jommarn', '2020-07-25 19:41:06', 'jommarn', '2020-07-25 19:41:06', 0),
	('NURSE_IPD_RN_TN', 'IPD_NURSE_INDEX_NOTE_VIEW', 'jommarn', '2020-07-25 19:41:06', 'jommarn', '2020-07-25 19:41:06', 0),
	('NURSE_IPD_RN_TN', 'IPD_NURSE_INDEX_REMOVE', 'jommarn', '2020-01-18 15:54:41', 'jommarn', '2020-01-18 15:54:41', 0),
	('NURSE_IPD_RN_TN', 'IPD_NURSE_INDEX_VIEW', 'jommarn', '2020-01-18 15:54:41', 'jommarn', '2020-01-18 15:54:41', 0),
	('NURSE_IPD_RN_TN', 'IPD_NURSE_MAIN_PROGRAM_ACCESS', 'jommarn', '2020-01-18 15:54:41', 'jommarn', '2020-01-18 15:54:41', 0),
	('NURSE_IPD_RN_TN', 'IPD_NURSE_NOTE_ADD', 'cha582', '2020-03-03 09:02:12', 'cha582', '2020-03-03 09:02:12', 0),
	('NURSE_IPD_RN_TN', 'IPD_NURSE_NOTE_EDIT', 'cha582', '2020-03-03 09:02:12', 'cha582', '2020-03-03 09:02:12', 0),
	('NURSE_IPD_RN_TN', 'IPD_NURSE_NOTE_REMOVE', 'cha582', '2020-03-03 09:02:12', 'cha582', '2020-03-03 09:02:12', 0),
	('NURSE_IPD_RN_TN', 'IPD_NURSE_NOTE_VIEW', 'cha582', '2020-03-03 09:02:12', 'cha582', '2020-03-03 09:02:12', 0),
	('NURSE_IPD_RN_TN', 'IPD_ORDER_ACCEPT', 'jommarn', '2020-01-18 15:54:41', 'jommarn', '2020-01-18 15:54:41', 0),
	('NURSE_IPD_RN_TN', 'IPD_ORDER_ADD', 'jommarn', '2020-01-18 15:54:41', 'jommarn', '2020-01-18 15:54:41', 0),
	('NURSE_IPD_RN_TN', 'IPD_ORDER_CONFIRM', 'jommarn', '2020-01-18 15:54:41', 'jommarn', '2020-01-18 15:54:41', 0),
	('NURSE_IPD_RN_TN', 'IPD_ORDER_EDIT', 'jommarn', '2020-01-18 15:54:41', 'jommarn', '2020-01-18 15:54:41', 0),
  ('NURSE_IPD_RN_TN', 'IPD_ORDER_OFF', 'jommarn', '2020-01-18 15:54:41', 'jommarn', '2020-01-18 15:54:41', 0),
	('NURSE_IPD_RN_TN', 'IPD_ORDER_REMOVE', 'jommarn', '2020-01-18 15:54:41', 'jommarn', '2020-01-18 15:54:41', 0),
	('NURSE_IPD_RN_TN', 'IPD_ORDER_VIEW', 'jommarn', '2020-01-18 15:54:41', 'jommarn', '2020-01-18 15:54:41', 0),
	('NURSE_IPD_RN_TN', 'LAB_VIEW', 'jommarn', '2020-01-18 15:54:41', 'jommarn', '2020-01-18 15:54:41', 0),
	('NURSE_IPD_RN_TN', 'MED_RECONCILIATION_ADD', 'jommarn', '2021-12-29 15:02:40', 'jommarn', '2021-12-29 15:02:40', 0),
	('NURSE_IPD_RN_TN', 'MED_RECONCILIATION_COMFIRM', 'jommarn', '2021-12-29 15:02:40', 'jommarn', '2021-12-29 15:02:40', 0),
	('NURSE_IPD_RN_TN', 'MED_RECONCILIATION_EDIT', 'jommarn', '2021-12-29 15:02:40', 'jommarn', '2021-12-29 15:02:40', 0),
	('NURSE_IPD_RN_TN', 'MED_RECONCILIATION_REMOVE', 'jommarn', '2021-12-29 15:02:40', 'jommarn', '2021-12-29 15:02:40', 0),
	('NURSE_IPD_RN_TN', 'MED_RECONCILIATION_VIEW', 'jommarn', '2020-01-18 15:54:41', 'jommarn', '2020-01-18 15:54:41', 0),
	('NURSE_IPD_RN_TN', 'OPD_ER_IO_VIEW', 'jommarn', '2021-07-21 16:15:30', 'jommarn', '2021-07-21 16:15:30', 0),
	('NURSE_IPD_RN_TN', 'OPD_ER_NURSE_INDEX_NOTE_VIEW', 'jommarn', '2021-07-21 16:15:30', 'jommarn', '2021-07-21 16:15:30', 0),
	('NURSE_IPD_RN_TN', 'OPD_ER_NURSE_INDEX_VIEW', 'jommarn', '2021-07-21 16:15:30', 'jommarn', '2021-07-21 16:15:30', 0),
	('NURSE_IPD_RN_TN', 'OPD_ER_NURSE_NOTE_VIEW', 'jommarn', '2021-07-21 16:15:30', 'jommarn', '2021-07-21 16:15:30', 0),
	('NURSE_IPD_RN_TN', 'OPD_ER_NURSE_PROGRAM_ACCESS', 'jommarn', '2021-07-21 16:15:30', 'jommarn', '2021-07-21 16:15:30', 0),
	('NURSE_IPD_RN_TN', 'OPD_ER_ORDER_VIEW', 'jommarn', '2021-07-21 16:15:30', 'jommarn', '2021-07-21 16:15:30', 0),
	('NURSE_IPD_RN_TN', 'OPD_ER_PROGRESS_NOTE_VIEW', 'jommarn', '2021-07-21 16:15:30', 'jommarn', '2021-07-21 16:15:30', 0),
	('NURSE_IPD_RN_TN', 'OPD_ER_VITAL_SIGN_VIEW', 'jommarn', '2021-07-21 16:15:30', 'jommarn', '2021-07-21 16:15:30', 0),
	('NURSE_IPD_RN_TN', 'PROGRESS_NOTE_ADD', 'jommarn', '2020-01-18 15:54:41', 'jommarn', '2020-01-18 15:54:41', 0),
	('NURSE_IPD_RN_TN', 'PROGRESS_NOTE_EDIT', 'jommarn', '2020-01-18 15:54:41', 'jommarn', '2020-01-18 15:54:41', 0),
	('NURSE_IPD_RN_TN', 'PROGRESS_NOTE_REMOVE', 'jommarn', '2020-01-18 15:54:41', 'jommarn', '2020-01-18 15:54:41', 0),
	('NURSE_IPD_RN_TN', 'PROGRESS_NOTE_VIEW', 'jommarn', '2020-01-18 15:54:41', 'jommarn', '2020-01-18 15:54:41', 0),
	('NURSE_IPD_RN_TN', 'SCAN_DOCUMENT_ACCESS', 'jommarn', '2020-03-05 15:45:48', 'jommarn', '2020-03-05 15:45:48', 0),
	('NURSE_IPD_RN_TN', 'VITAL_SIGN_ADD', 'jommarn', '2020-01-18 15:54:41', 'jommarn', '2020-01-18 15:54:41', 0),
	('NURSE_IPD_RN_TN', 'VITAL_SIGN_EDIT', 'jommarn', '2020-01-18 15:54:41', 'jommarn', '2020-01-18 15:54:41', 0),
	('NURSE_IPD_RN_TN', 'VITAL_SIGN_REMOVE', 'jommarn', '2020-01-18 15:54:41', 'jommarn', '2020-01-18 15:54:41', 0),
	('NURSE_IPD_RN_TN', 'VITAL_SIGN_VIEW', 'jommarn', '2020-01-18 15:54:41', 'jommarn', '2020-01-18 15:54:41', 0),
	('NURSE_IPD_RN_TN', 'XRAY_VIEW', 'jommarn', '2020-03-05 15:45:48', 'jommarn', '2020-03-05 15:45:48', 0),
	('NURSE_OPD_PN_NA_OTHER', 'EMR_VIEW', 'jommarn', '2020-03-05 15:57:39', 'jommarn', '2020-03-05 15:57:39', 0),
	('NURSE_OPD_PN_NA_OTHER', 'IPD_DOCTOR_CONSULT_VIEW', 'cha582', '2021-02-15 16:32:55', 'cha582', '2021-02-15 16:32:55', 0),
	('NURSE_OPD_PN_NA_OTHER', 'IPD_DOCTOR_INCHARGE_VIEW', 'jommarn', '2020-03-05 15:57:39', 'jommarn', '2020-03-05 15:57:39', 0),
	('NURSE_OPD_PN_NA_OTHER', 'IPD_NURSE_INDEX_NOTE_VIEW', 'jommarn', '2020-07-25 20:37:06', 'jommarn', '2020-07-25 20:37:06', 0),
	('NURSE_OPD_PN_NA_OTHER', 'IPD_NURSE_INDEX_VIEW', 'jommarn', '2020-03-05 15:57:39', 'jommarn', '2020-03-05 15:57:39', 0),
	('NURSE_OPD_PN_NA_OTHER', 'IPD_NURSE_MAIN_PROGRAM_ACCESS', 'jommarn', '2020-03-05 15:57:39', 'jommarn', '2020-03-05 15:57:39', 0),
	('NURSE_OPD_PN_NA_OTHER', 'IPD_ORDER_VIEW', 'jommarn', '2020-05-13 19:09:21', 'jommarn', '2020-05-13 19:09:21', 0),
	('NURSE_OPD_PN_NA_OTHER', 'OPD_ER_NURSE_INDEX_NOTE_VIEW', 'jommarn', '2021-07-21 16:15:30', 'jommarn', '2021-07-21 16:15:30', 0),
	('NURSE_OPD_PN_NA_OTHER', 'OPD_ER_NURSE_INDEX_VIEW', 'jommarn', '2021-07-21 16:15:30', 'jommarn', '2021-07-21 16:15:30', 0),
	('NURSE_OPD_PN_NA_OTHER', 'OPD_ER_NURSE_PROGRAM_ACCESS', 'jommarn', '2021-07-21 16:15:30', 'jommarn', '2021-07-21 16:15:30', 0),
	('NURSE_OPD_PN_NA_OTHER', 'OPD_ER_ORDER_VIEW', 'jommarn', '2021-07-21 16:15:30', 'jommarn', '2021-07-21 16:15:30', 0),
	('NURSE_OPD_PN_NA_OTHER', 'OPD_ER_PROGRESS_NOTE_VIEW', 'jommarn', '2021-07-21 16:15:30', 'jommarn', '2021-07-21 16:15:30', 0),
	('NURSE_OPD_PN_NA_OTHER', 'PROGRESS_NOTE_VIEW', 'jommarn', '2020-05-31 15:57:03', 'jommarn', '2020-05-31 15:57:03', 0),
	('NURSE_OPD_RN_TN', 'ADMISSION_NOTE_VIEW', 'pat580', '2020-03-12 17:49:30', 'pat580', '2020-03-12 17:49:30', 0),
	('NURSE_OPD_RN_TN', 'EMR_VIEW', 'jommarn', '2020-03-05 15:45:48', 'jommarn', '2020-03-05 15:45:48', 0),
	('NURSE_OPD_RN_TN', 'FOOD_ORDER_ACCESS', 'jommarn', '2020-03-05 15:45:48', 'jommarn', '2020-03-05 15:45:48', 0),
	('NURSE_OPD_RN_TN', 'IO_ADD', 'jommarn', '2020-03-05 15:45:48', 'jommarn', '2020-03-05 15:45:48', 0),
	('NURSE_OPD_RN_TN', 'IO_EDIT', 'jommarn', '2020-03-05 15:45:48', 'jommarn', '2020-03-05 15:45:48', 0),
	('NURSE_OPD_RN_TN', 'IO_REMOVE', 'jommarn', '2020-03-05 15:45:48', 'jommarn', '2020-03-05 15:45:48', 0),
	('NURSE_OPD_RN_TN', 'IO_VIEW', 'jommarn', '2020-03-05 15:45:48', 'jommarn', '2020-03-05 15:45:48', 0),
	('NURSE_OPD_RN_TN', 'IPD_DISCHARGE_SUMMARY_VIEW', 'cha582', '2020-03-18 10:08:04', 'cha582', '2020-03-18 10:08:04', 0),
	('NURSE_OPD_RN_TN', 'IPD_DOCTOR_CONSULT_VIEW', 'cha582', '2021-02-15 16:32:55', 'cha582', '2021-02-15 16:32:55', 0),
	('NURSE_OPD_RN_TN', 'IPD_DOCTOR_INCHARGE_VIEW', 'jommarn', '2020-03-05 15:45:48', 'jommarn', '2020-03-05 15:45:48', 0),
	('NURSE_OPD_RN_TN', 'IPD_NURSE_ADDMISSION_NOTE_VIEW', 'cha582', '2020-06-21 18:55:40', 'cha582', '2020-06-21 18:55:46', 0),
	('NURSE_OPD_RN_TN', 'IPD_NURSE_INDEX_ADD', 'jommarn', '2020-06-27 21:00:41', 'jommarn', '2020-06-27 21:00:41', 0),
	('NURSE_OPD_RN_TN', 'IPD_NURSE_INDEX_EDIT', 'jommarn', '2020-06-27 21:00:41', 'jommarn', '2020-06-27 21:00:41', 0),
	('NURSE_OPD_RN_TN', 'IPD_NURSE_INDEX_NOTE_ADD', 'jommarn', '2020-07-25 20:28:42', 'jommarn', '2020-07-25 20:28:42', 0),
	('NURSE_OPD_RN_TN', 'IPD_NURSE_INDEX_NOTE_EDIT', 'jommarn', '2020-07-25 20:28:42', 'jommarn', '2020-07-25 20:28:42', 0),
	('NURSE_OPD_RN_TN', 'IPD_NURSE_INDEX_NOTE_REMOVE', 'jommarn', '2020-07-25 20:28:42', 'jommarn', '2020-07-25 20:28:42', 0),
	('NURSE_OPD_RN_TN', 'IPD_NURSE_INDEX_NOTE_VIEW', 'jommarn', '2020-07-25 20:28:42', 'jommarn', '2020-07-25 20:28:42', 0),
	('NURSE_OPD_RN_TN', 'IPD_NURSE_INDEX_REMOVE', 'jommarn', '2020-06-27 21:00:41', 'jommarn', '2020-06-27 21:00:41', 0),
	('NURSE_OPD_RN_TN', 'IPD_NURSE_INDEX_VIEW', 'jommarn', '2020-03-05 15:45:48', 'jommarn', '2020-03-05 15:45:48', 0),
	('NURSE_OPD_RN_TN', 'IPD_NURSE_MAIN_PROGRAM_ACCESS', 'jommarn', '2020-03-05 15:45:48', 'jommarn', '2020-03-05 15:45:48', 0),
	('NURSE_OPD_RN_TN', 'IPD_NURSE_NOTE_VIEW', 'jommarn', '2020-03-05 15:45:48', 'jommarn', '2020-03-05 15:45:48', 0),
	('NURSE_OPD_RN_TN', 'IPD_ORDER_ADD', 'jommarn', '2020-03-05 15:45:48', 'jommarn', '2020-03-05 15:45:48', 0),
	('NURSE_OPD_RN_TN', 'IPD_ORDER_CONFIRM', 'jommarn', '2020-03-05 15:45:48', 'jommarn', '2020-03-05 15:45:48', 0),
	('NURSE_OPD_RN_TN', 'IPD_ORDER_EDIT', 'jommarn', '2020-03-05 15:45:48', 'jommarn', '2020-03-05 15:45:48', 0),
  ('NURSE_OPD_RN_TN', 'IPD_ORDER_OFF', 'jommarn', '2020-01-18 15:54:41', 'jommarn', '2020-01-18 15:54:41', 0),
	('NURSE_OPD_RN_TN', 'IPD_ORDER_REMOVE', 'jommarn', '2020-03-05 15:45:48', 'jommarn', '2020-03-05 15:45:48', 0),
	('NURSE_OPD_RN_TN', 'IPD_ORDER_VIEW', 'jommarn', '2020-03-05 15:45:48', 'jommarn', '2020-03-05 15:45:48', 0),
	('NURSE_OPD_RN_TN', 'LAB_VIEW', 'jommarn', '2020-03-05 15:45:48', 'jommarn', '2020-03-05 15:45:48', 0),
	('NURSE_OPD_RN_TN', 'MED_RECONCILIATION_VIEW', 'jommarn', '2020-03-05 15:45:48', 'jommarn', '2020-03-05 15:45:48', 0),
	('NURSE_OPD_RN_TN', 'OPD_ER_IO_VIEW', 'jommarn', '2021-07-21 16:15:30', 'jommarn', '2021-07-21 16:15:30', 0),
	('NURSE_OPD_RN_TN', 'OPD_ER_NURSE_INDEX_NOTE_VIEW', 'jommarn', '2021-07-21 16:15:30', 'jommarn', '2021-07-21 16:15:30', 0),
	('NURSE_OPD_RN_TN', 'OPD_ER_NURSE_INDEX_VIEW', 'jommarn', '2021-07-21 16:15:30', 'jommarn', '2021-07-21 16:15:30', 0),
	('NURSE_OPD_RN_TN', 'OPD_ER_NURSE_NOTE_VIEW', 'jommarn', '2021-07-21 16:15:30', 'jommarn', '2021-07-21 16:15:30', 0),
	('NURSE_OPD_RN_TN', 'OPD_ER_NURSE_PROGRAM_ACCESS', 'jommarn', '2021-07-21 16:15:30', 'jommarn', '2021-07-21 16:15:30', 0),
	('NURSE_OPD_RN_TN', 'OPD_ER_ORDER_VIEW', 'jommarn', '2021-07-21 16:15:30', 'jommarn', '2021-07-21 16:15:30', 0),
	('NURSE_OPD_RN_TN', 'OPD_ER_PROGRESS_NOTE_VIEW', 'jommarn', '2021-07-21 16:15:30', 'jommarn', '2021-07-21 16:15:30', 0),
	('NURSE_OPD_RN_TN', 'OPD_ER_VITAL_SIGN_VIEW', 'jommarn', '2021-07-21 16:15:30', 'jommarn', '2021-07-21 16:15:30', 0),
	('NURSE_OPD_RN_TN', 'PROGRESS_NOTE_ADD', 'jommarn', '2020-03-05 15:45:48', 'jommarn', '2020-03-05 15:45:48', 0),
	('NURSE_OPD_RN_TN', 'PROGRESS_NOTE_EDIT', 'jommarn', '2020-03-05 15:45:48', 'jommarn', '2020-03-05 15:45:48', 0),
	('NURSE_OPD_RN_TN', 'PROGRESS_NOTE_REMOVE', 'jommarn', '2020-03-05 15:45:48', 'jommarn', '2020-03-05 15:45:48', 0),
	('NURSE_OPD_RN_TN', 'PROGRESS_NOTE_VIEW', 'jommarn', '2020-03-05 15:45:48', 'jommarn', '2020-03-05 15:45:48', 0),
	('NURSE_OPD_RN_TN', 'SCAN_DOCUMENT_ACCESS', 'jommarn', '2020-03-05 15:45:48', 'jommarn', '2020-03-05 15:45:48', 0),
	('NURSE_OPD_RN_TN', 'VITAL_SIGN_VIEW', 'jommarn', '2020-03-05 15:45:48', 'jommarn', '2020-03-05 15:45:48', 0),
	('NURSE_OPD_RN_TN', 'XRAY_VIEW', 'jommarn', '2020-03-05 15:45:48', 'jommarn', '2020-03-05 15:45:48', 0),
	('NURSING_PROGRESS_NOTE_TEMPLATE_ADMIN', 'NURSING_PROGRESSNOTE_TEMPLATE_ADD', 'cha582', '2022-02-17 19:49:07', 'cha582', '2022-02-17 19:49:07', 0),
	('NURSING_PROGRESS_NOTE_TEMPLATE_ADMIN', 'NURSING_PROGRESSNOTE_TEMPLATE_EDIT', 'cha582', '2022-02-17 19:49:07', 'cha582', '2022-02-17 19:49:07', 0),
	('NURSING_PROGRESS_NOTE_TEMPLATE_ADMIN', 'NURSING_PROGRESSNOTE_TEMPLATE_REMOVE', 'cha582', '2022-02-17 19:49:07', 'cha582', '2022-02-17 19:49:07', 0),
	('NURSING_PROGRESS_NOTE_TEMPLATE_ADMIN', 'NURSING_PROGRESSNOTE_TEMPLATE_VIEW', 'cha582', '2022-02-17 19:49:07', 'cha582', '2022-02-17 19:49:07', 0),
	('ORDER_TEMPLATE_ADMIN', 'DATA_TYPE_DOCTOR_USE', 'jommarn', '2023-03-03 17:39:11', 'jommarn', '2023-03-03 17:39:11', 0),
	('ORDER_TEMPLATE_ADMIN', 'IPD_ORDER_ADD', 'jommarn', '2023-03-03 17:34:11', 'jommarn', '2023-03-03 17:34:11', 0),
	('ORDER_TEMPLATE_ADMIN', 'IPD_ORDER_EDIT', 'jommarn', '2023-03-03 17:34:11', 'jommarn', '2023-03-03 17:34:11', 0),
	('ORDER_TEMPLATE_ADMIN', 'IPD_ORDER_REMOVE', 'jommarn', '2023-03-03 17:34:11', 'jommarn', '2023-03-03 17:34:11', 0),
	('ORDER_TEMPLATE_ADMIN', 'IPD_ORDER_TEMPLATE_SHARE', 'jommarn', '2022-01-24 17:56:36', 'jommarn', '2022-01-24 17:56:36', 0),
	('ORDER_TEMPLATE_ADMIN', 'IPD_ORDER_VIEW', 'jommarn', '2023-03-03 17:34:11', 'jommarn', '2023-03-03 17:34:11', 0),
	('ORDER_TEMPLATE_ADMIN', 'PROGRESS_NOTE_ADD', 'jommarn', '2023-03-03 17:34:11', 'jommarn', '2023-03-03 17:34:11', 0),
	('ORDER_TEMPLATE_ADMIN', 'PROGRESS_NOTE_EDIT', 'jommarn', '2023-03-03 17:34:11', 'jommarn', '2023-03-03 17:34:11', 0),
	('ORDER_TEMPLATE_ADMIN', 'PROGRESS_NOTE_REMOVE', 'jommarn', '2023-03-03 17:34:11', 'jommarn', '2023-03-03 17:34:11', 0),
	('ORDER_TEMPLATE_ADMIN', 'PROGRESS_NOTE_VIEW', 'jommarn', '2023-03-03 17:34:11', 'jommarn', '2023-03-03 17:34:11', 0),
	('OTHER', 'ADMISSION_NOTE_VIEW', 'jommarn', '2021-03-01 11:02:47', 'jommarn', '2021-03-01 11:02:47', 0),
	('OTHER', 'DATA_TYPE_OTHER_USE', 'jommarn', '2021-03-01 11:02:47', 'jommarn', '2021-03-01 11:02:47', 0),
	('OTHER', 'EMR_VIEW', 'jommarn', '2021-03-01 11:02:47', 'jommarn', '2021-03-01 11:02:47', 0),
	('OTHER', 'IPD_DISCHARGE_SUMMARY_VIEW', 'jommarn', '2021-03-01 11:02:47', 'jommarn', '2021-03-01 11:02:47', 0),
	('OTHER', 'IPD_NURSE_ADDMISSION_NOTE_VIEW', 'jommarn', '2021-03-01 11:02:47', 'jommarn', '2021-03-01 11:02:47', 0),
	('OTHER', 'IPD_NURSE_NOTE_VIEW', 'jommarn', '2021-03-01 11:02:47', 'jommarn', '2021-03-01 11:02:47', 0),
	('OTHER', 'IPD_ORDER_VIEW', 'jommarn', '2021-03-01 11:02:47', 'jommarn', '2021-03-01 11:02:47', 0),
	('OTHER', 'IPD_OTHER_ORDER_MAIN_PROGRAM_ACCESS', 'jommarn', '2021-03-01 11:02:47', 'jommarn', '2021-03-01 11:02:47', 0),
	('OTHER', 'LAB_VIEW', 'jommarn', '2021-03-01 11:02:47', 'jommarn', '2021-03-01 11:02:47', 0),
	('OTHER', 'MED_RECONCILIATION_VIEW', 'jommarn', '2021-03-01 11:02:47', 'jommarn', '2021-03-01 11:02:47', 0),
	('OTHER', 'OPD_ER_NURSE_NOTE_VIEW', 'jommarn', '2021-07-21 16:15:30', 'jommarn', '2021-07-21 16:15:30', 0),
	('OTHER', 'OPD_ER_ORDER_VIEW', 'jommarn', '2021-07-21 16:15:30', 'jommarn', '2021-07-21 16:15:30', 0),
	('OTHER', 'OPD_ER_OTHER_ORDER_PROGRAM_ACCESS', 'jommarn', '2021-07-21 16:15:30', 'jommarn', '2021-07-21 16:15:30', 0),
	('OTHER', 'OPD_ER_PROGRESS_NOTE_ADD', 'jommarn', '2021-07-21 16:15:30', 'jommarn', '2021-07-21 16:15:30', 0),
	('OTHER', 'OPD_ER_PROGRESS_NOTE_EDIT', 'jommarn', '2021-07-21 16:15:30', 'jommarn', '2021-07-21 16:15:30', 0),
	('OTHER', 'OPD_ER_PROGRESS_NOTE_REMOVE', 'jommarn', '2021-07-21 16:15:30', 'jommarn', '2021-07-21 16:15:30', 0),
	('OTHER', 'OPD_ER_PROGRESS_NOTE_VIEW', 'jommarn', '2021-07-21 16:15:30', 'jommarn', '2021-07-21 16:15:30', 0),
	('OTHER', 'OPD_ER_VITAL_SIGN_VIEW', 'jommarn', '2021-07-21 16:15:30', 'jommarn', '2021-07-21 16:15:30', 0),
	('OTHER', 'PROGRESS_NOTE_ADD', 'jommarn', '2021-03-01 11:02:47', 'jommarn', '2021-03-01 11:02:47', 0),
	('OTHER', 'PROGRESS_NOTE_EDIT', 'jommarn', '2021-03-01 11:02:47', 'jommarn', '2021-03-01 11:02:47', 0),
	('OTHER', 'PROGRESS_NOTE_REMOVE', 'jommarn', '2021-03-01 11:02:47', 'jommarn', '2021-03-01 11:02:47', 0),
	('OTHER', 'PROGRESS_NOTE_VIEW', 'jommarn', '2021-03-01 11:02:47', 'jommarn', '2021-03-01 11:02:47', 0),
	('OTHER', 'VITAL_SIGN_VIEW', 'jommarn', '2021-03-01 11:02:47', 'jommarn', '2021-03-01 11:02:47', 0),
	('PHARMACY', 'ADMISSION_NOTE_VIEW', 'cha582', '2020-06-21 19:03:20', 'cha582', '2020-06-21 19:03:20', 0),
	('PHARMACY', 'DATA_TYPE_PHARMACY_USE', 'jommarn', '2020-05-31 15:14:03', 'jommarn', '2020-05-31 15:14:03', 0),
	('PHARMACY', 'EMR_VIEW', 'jommarn', '2020-01-18 15:54:41', 'jommarn', '2020-01-18 15:54:41', 0),
	('PHARMACY', 'IPD_NURSE_ADDMISSION_NOTE_VIEW', 'cha582', '2020-06-21 19:03:20', 'cha582', '2020-06-21 19:03:20', 0),
	('PHARMACY', 'IPD_NURSE_NOTE_VIEW', 'cha582', '2020-03-09 16:59:53', 'cha582', '2020-03-09 16:59:53', 0),
	('PHARMACY', 'IPD_ORDER_ACCEPT', 'jommarn', '2020-01-18 15:54:41', 'jommarn', '2020-01-18 15:54:41', 0),
	('PHARMACY', 'IPD_ORDER_VIEW', 'jommarn', '2020-01-18 15:54:41', 'jommarn', '2020-01-18 15:54:41', 0),
	('PHARMACY', 'IPD_PHARMACY_ORDER_MAIN_PROGRAM_ACCESS', 'jommarn', '2020-01-18 15:54:41', 'jommarn', '2020-01-18 15:54:41', 0),
	('PHARMACY', 'LAB_VIEW', 'jommarn', '2020-01-18 15:54:41', 'jommarn', '2020-01-18 15:54:41', 0),
	('PHARMACY', 'MED_RECONCILIATION_VIEW', 'jommarn', '2020-01-18 15:54:41', 'jommarn', '2020-01-18 15:54:41', 0),
	('PHARMACY', 'OPD_ER_IO_VIEW', 'jommarn', '2021-08-13 00:25:43', 'jommarn', '2021-08-13 00:25:43', 0),
	('PHARMACY', 'OPD_ER_NURSE_NOTE_VIEW', 'jommarn', '2021-07-21 16:15:30', 'jommarn', '2021-07-21 16:15:30', 0),
	('PHARMACY', 'OPD_ER_ORDER_ACCEPT', 'jommarn', '2021-07-21 16:15:30', 'jommarn', '2021-07-21 16:15:30', 0),
	('PHARMACY', 'OPD_ER_ORDER_VIEW', 'jommarn', '2021-07-21 16:15:30', 'jommarn', '2021-07-21 16:15:30', 0),
	('PHARMACY', 'OPD_ER_PHARMACY_ORDER_PROGRAM_ACCESS', 'jommarn', '2021-07-21 16:15:30', 'jommarn', '2021-07-21 16:15:30', 0),
	('PHARMACY', 'OPD_ER_PROGRESS_NOTE_ADD', 'jommarn', '2021-07-21 16:15:30', 'jommarn', '2021-07-21 16:15:30', 0),
	('PHARMACY', 'OPD_ER_PROGRESS_NOTE_EDIT', 'jommarn', '2021-07-21 16:15:30', 'jommarn', '2021-07-21 16:15:30', 0),
	('PHARMACY', 'OPD_ER_PROGRESS_NOTE_REMOVE', 'jommarn', '2021-07-21 16:15:30', 'jommarn', '2021-07-21 16:15:30', 0),
	('PHARMACY', 'OPD_ER_PROGRESS_NOTE_VIEW', 'jommarn', '2021-07-21 16:15:30', 'jommarn', '2021-07-21 16:15:30', 0),
	('PHARMACY', 'OPD_ER_VITAL_SIGN_VIEW', 'jommarn', '2021-07-21 16:15:30', 'jommarn', '2021-07-21 16:15:30', 0),
	('PHARMACY', 'PROGRESS_NOTE_ADD', 'jommarn', '2020-01-18 15:54:41', 'jommarn', '2020-01-18 15:54:41', 0),
	('PHARMACY', 'PROGRESS_NOTE_EDIT', 'jommarn', '2020-01-18 15:54:41', 'jommarn', '2020-01-18 15:54:41', 0),
	('PHARMACY', 'PROGRESS_NOTE_REMOVE', 'jommarn', '2020-01-18 15:54:41', 'jommarn', '2020-01-18 15:54:41', 0),
	('PHARMACY', 'PROGRESS_NOTE_VIEW', 'jommarn', '2020-01-18 15:54:41', 'jommarn', '2020-01-18 15:54:41', 0),
	('PHARMACY', 'VITAL_SIGN_VIEW', 'jommarn', '2020-03-05 14:55:20', 'jommarn', '2020-03-05 14:55:20', 0),
	('PHARMACY_PHARMACIST', 'ADMISSION_NOTE_DRUG_ALLERGY_CHECK', 'jommarn', '2022-02-17 16:11:29', 'jommarn', '2022-02-17 16:11:29', 0),
	('PHARMACY_PHARMACIST', 'IPD_DOCTOR_CONSULT_VIEW', 'cha582', '2021-01-31 17:15:18', 'cha582', '2021-01-31 17:15:18', 0),
	('PHARMACY_PHARMACIST', 'IPD_ORDER_DONE', 'jommarn', '2020-01-18 15:54:41', 'jommarn', '2020-01-18 15:54:41', 0),
	('PHARMACY_PHARMACIST', 'MED_RECONCILIATION_ADD', 'jommarn', '2020-09-29 20:18:48', 'jommarn', '2020-09-29 20:18:48', 0),
	('PHARMACY_PHARMACIST', 'MED_RECONCILIATION_COMFIRM', 'jommarn', '2020-11-18 18:39:30', 'jommarn', '2020-11-18 18:39:30', 0),
	('PHARMACY_PHARMACIST', 'MED_RECONCILIATION_EDIT', 'jommarn', '2020-09-29 20:18:48', 'jommarn', '2020-09-29 20:18:48', 0),
	('PHARMACY_PHARMACIST', 'MED_RECONCILIATION_REMOVE', 'jommarn', '2020-09-29 20:18:48', 'jommarn', '2020-09-29 20:18:48', 0),
	('PHARMACY_PHARMACIST', 'OPD_ER_ORDER_DONE', 'jommarn', '2021-07-21 16:15:30', 'jommarn', '2021-07-21 16:15:30', 0),
	('PHYSIOLOGIST', 'ADMISSION_NOTE_VIEW', 'jommarn', '2020-05-30 19:37:11', 'jommarn', '2020-05-30 19:37:11', 0),
	('PHYSIOLOGIST', 'DATA_TYPE_OTHER_USE', 'jommarn', '2020-05-31 15:14:03', 'jommarn', '2020-05-31 15:14:03', 0),
	('PHYSIOLOGIST', 'DATA_TYPE_PHYSIOLOGIST_USE', 'jommarn', '2020-05-31 15:14:03', 'jommarn', '2020-05-31 15:14:03', 0),
	('PHYSIOLOGIST', 'EMR_VIEW', 'jommarn', '2020-06-15 14:17:26', 'jommarn', '2020-06-15 14:17:26', 0),
	('PHYSIOLOGIST', 'IPD_DISCHARGE_SUMMARY_VIEW', 'jommarn', '2020-06-15 14:17:26', 'jommarn', '2020-06-15 14:17:26', 0),
	('PHYSIOLOGIST', 'IPD_NURSE_ADDMISSION_NOTE_VIEW', 'cha582', '2020-06-21 18:57:47', 'cha582', '2020-06-21 18:57:54', 0),
	('PHYSIOLOGIST', 'IPD_NURSE_NOTE_VIEW', 'jommarn', '2020-06-15 14:17:26', 'jommarn', '2020-06-15 14:17:26', 0),
	('PHYSIOLOGIST', 'IPD_ORDER_VIEW', 'jommarn', '2020-05-18 11:46:06', 'jommarn', '2020-05-18 11:46:06', 0),
	('PHYSIOLOGIST', 'IPD_OTHER_ORDER_MAIN_PROGRAM_ACCESS', 'jommarn', '2020-05-19 20:43:31', 'jommarn', '2020-05-19 20:43:31', 0),
	('PHYSIOLOGIST', 'LAB_VIEW', 'jommarn', '2020-06-15 14:17:26', 'jommarn', '2020-06-15 14:17:26', 0),
	('PHYSIOLOGIST', 'MED_RECONCILIATION_VIEW', 'jommarn', '2020-06-15 14:17:26', 'jommarn', '2020-06-15 14:17:26', 0),
	('PHYSIOLOGIST', 'OPD_ER_NURSE_NOTE_VIEW', 'jommarn', '2021-07-21 16:15:30', 'jommarn', '2021-07-21 16:15:30', 0),
	('PHYSIOLOGIST', 'OPD_ER_ORDER_VIEW', 'jommarn', '2021-07-21 16:15:30', 'jommarn', '2021-07-21 16:15:30', 0),
	('PHYSIOLOGIST', 'OPD_ER_OTHER_ORDER_PROGRAM_ACCESS', 'jommarn', '2021-07-21 16:15:30', 'jommarn', '2021-07-21 16:15:30', 0),
	('PHYSIOLOGIST', 'OPD_ER_PROGRESS_NOTE_ADD', 'jommarn', '2021-07-21 16:15:30', 'jommarn', '2021-07-21 16:15:30', 0),
	('PHYSIOLOGIST', 'OPD_ER_PROGRESS_NOTE_EDIT', 'jommarn', '2021-07-21 16:15:30', 'jommarn', '2021-07-21 16:15:30', 0),
	('PHYSIOLOGIST', 'OPD_ER_PROGRESS_NOTE_REMOVE', 'jommarn', '2021-07-21 16:15:30', 'jommarn', '2021-07-21 16:15:30', 0),
	('PHYSIOLOGIST', 'OPD_ER_PROGRESS_NOTE_VIEW', 'jommarn', '2021-07-21 16:15:30', 'jommarn', '2021-07-21 16:15:30', 0),
	('PHYSIOLOGIST', 'OPD_ER_VITAL_SIGN_VIEW', 'jommarn', '2021-07-21 16:15:30', 'jommarn', '2021-07-21 16:15:30', 0),
	('PHYSIOLOGIST', 'PROGRESS_NOTE_ADD', 'jommarn', '2020-06-01 10:27:15', 'jommarn', '2020-06-01 10:27:15', 0),
	('PHYSIOLOGIST', 'PROGRESS_NOTE_EDIT', 'jommarn', '2020-06-01 10:27:15', 'jommarn', '2020-06-01 10:27:15', 0),
	('PHYSIOLOGIST', 'PROGRESS_NOTE_REMOVE', 'jommarn', '2020-06-01 10:27:15', 'jommarn', '2020-06-01 10:27:15', 0),
	('PHYSIOLOGIST', 'PROGRESS_NOTE_VIEW', 'jommarn', '2020-05-31 15:57:03', 'jommarn', '2020-05-31 15:57:03', 0),
	('PHYSIOLOGIST', 'VITAL_SIGN_VIEW', 'jommarn', '2020-06-15 14:17:26', 'jommarn', '2020-06-15 14:17:26', 0),
	('SOCIAL_WELFARE_HEALTH_SECURITY', 'ADMISSION_NOTE_VIEW', 'jommarn', '2020-06-15 14:17:26', 'jommarn', '2020-06-15 14:17:26', 0),
	('SOCIAL_WELFARE_HEALTH_SECURITY', 'EMR_VIEW', 'jommarn', '2020-06-15 14:17:26', 'jommarn', '2020-06-15 14:17:26', 0),
	('SOCIAL_WELFARE_HEALTH_SECURITY', 'IPD_DISCHARGE_SUMMARY_VIEW', 'jommarn', '2020-06-15 14:17:26', 'jommarn', '2020-06-15 14:17:26', 0),
	('SOCIAL_WELFARE_HEALTH_SECURITY', 'IPD_NURSE_ADDMISSION_NOTE_VIEW', 'jommarn', '2020-06-21 21:25:26', 'jommarn', '2020-06-21 21:25:26', 0),
	('SOCIAL_WELFARE_HEALTH_SECURITY', 'IPD_NURSE_NOTE_VIEW', 'jommarn', '2020-06-15 14:17:26', 'jommarn', '2020-06-15 14:17:26', 0),
	('SOCIAL_WELFARE_HEALTH_SECURITY', 'IPD_ORDER_VIEW', 'jommarn', '2020-06-15 14:17:26', 'jommarn', '2020-06-15 14:17:26', 0),
	('SOCIAL_WELFARE_HEALTH_SECURITY', 'IPD_OTHER_ORDER_MAIN_PROGRAM_ACCESS', 'jommarn', '2020-06-15 14:17:26', 'jommarn', '2020-06-15 14:17:26', 0),
	('SOCIAL_WELFARE_HEALTH_SECURITY', 'LAB_VIEW', 'jommarn', '2020-06-15 14:17:26', 'jommarn', '2020-06-15 14:17:26', 0),
	('SOCIAL_WELFARE_HEALTH_SECURITY', 'MED_RECONCILIATION_VIEW', 'jommarn', '2020-06-15 14:17:26', 'jommarn', '2020-06-15 14:17:26', 0),
	('SOCIAL_WELFARE_HEALTH_SECURITY', 'OPD_ER_NURSE_NOTE_VIEW', 'jommarn', '2021-07-21 16:15:30', 'jommarn', '2021-07-21 16:15:30', 0),
	('SOCIAL_WELFARE_HEALTH_SECURITY', 'OPD_ER_ORDER_VIEW', 'jommarn', '2021-07-21 16:15:30', 'jommarn', '2021-07-21 16:15:30', 0),
	('SOCIAL_WELFARE_HEALTH_SECURITY', 'OPD_ER_OTHER_ORDER_PROGRAM_ACCESS', 'jommarn', '2021-07-21 16:15:30', 'jommarn', '2021-07-21 16:15:30', 0),
	('SOCIAL_WELFARE_HEALTH_SECURITY', 'OPD_ER_PROGRESS_NOTE_VIEW', 'jommarn', '2021-07-21 16:15:30', 'jommarn', '2021-07-21 16:15:30', 0),
	('SOCIAL_WELFARE_HEALTH_SECURITY', 'OPD_ER_VITAL_SIGN_VIEW', 'jommarn', '2021-07-21 16:15:30', 'jommarn', '2021-07-21 16:15:30', 0),
	('SOCIAL_WELFARE_HEALTH_SECURITY', 'PROGRESS_NOTE_VIEW', 'jommarn', '2020-06-15 14:17:26', 'jommarn', '2020-06-15 14:17:26', 0),
	('SOCIAL_WELFARE_HEALTH_SECURITY', 'VITAL_SIGN_VIEW', 'jommarn', '2020-06-15 14:17:26', 'jommarn', '2020-06-15 14:17:26', 0),
	('XRAY', 'ADMISSION_NOTE_VIEW', 'jommarn', '2020-05-30 19:37:11', 'jommarn', '2020-05-30 19:37:11', 0),
	('XRAY', 'DATA_TYPE_OTHER_USE', 'jommarn', '2020-05-31 15:14:03', 'jommarn', '2020-05-31 15:14:03', 0),
	('XRAY', 'DATA_TYPE_XRAY_USE', 'jommarn', '2020-05-31 15:14:03', 'jommarn', '2020-05-31 15:14:03', 0),
	('XRAY', 'EMR_VIEW', 'jommarn', '2020-06-15 14:17:26', 'jommarn', '2020-06-15 14:17:26', 0),
	('XRAY', 'IPD_DISCHARGE_SUMMARY_VIEW', 'jommarn', '2020-06-15 14:17:26', 'jommarn', '2020-06-15 14:17:26', 0),
	('XRAY', 'IPD_NURSE_ADDMISSION_NOTE_VIEW', 'cha582', '2020-06-21 18:56:48', 'cha582', '2020-06-21 18:56:54', 0),
	('XRAY', 'IPD_NURSE_NOTE_VIEW', 'jommarn', '2020-06-15 14:17:26', 'jommarn', '2020-06-15 14:17:26', 0),
	('XRAY', 'IPD_ORDER_VIEW', 'jommarn', '2020-04-29 16:25:33', 'jommarn', '2020-04-29 16:25:33', 0),
	('XRAY', 'IPD_OTHER_ORDER_MAIN_PROGRAM_ACCESS', 'jommarn', '2020-05-19 20:43:31', 'jommarn', '2020-05-19 20:43:31', 0),
	('XRAY', 'LAB_VIEW', 'jommarn', '2020-06-15 14:17:26', 'jommarn', '2020-06-15 14:17:26', 0),
	('XRAY', 'MED_RECONCILIATION_VIEW', 'jommarn', '2020-06-15 14:17:26', 'jommarn', '2020-06-15 14:17:26', 0),
	('XRAY', 'OPD_ER_NURSE_NOTE_VIEW', 'jommarn', '2021-07-21 16:15:30', 'jommarn', '2021-07-21 16:15:30', 0),
	('XRAY', 'OPD_ER_ORDER_VIEW', 'jommarn', '2021-07-21 16:15:30', 'jommarn', '2021-07-21 16:15:30', 0),
	('XRAY', 'OPD_ER_OTHER_ORDER_PROGRAM_ACCESS', 'jommarn', '2021-07-21 16:15:30', 'jommarn', '2021-07-21 16:15:30', 0),
	('XRAY', 'OPD_ER_PROGRESS_NOTE_ADD', 'jommarn', '2021-07-21 16:15:30', 'jommarn', '2021-07-21 16:15:30', 0),
	('XRAY', 'OPD_ER_PROGRESS_NOTE_EDIT', 'jommarn', '2021-07-21 16:15:30', 'jommarn', '2021-07-21 16:15:30', 0),
	('XRAY', 'OPD_ER_PROGRESS_NOTE_REMOVE', 'jommarn', '2021-07-21 16:15:30', 'jommarn', '2021-07-21 16:15:30', 0),
	('XRAY', 'OPD_ER_PROGRESS_NOTE_VIEW', 'jommarn', '2021-07-21 16:15:30', 'jommarn', '2021-07-21 16:15:30', 0),
	('XRAY', 'OPD_ER_VITAL_SIGN_VIEW', 'jommarn', '2021-07-21 16:15:30', 'jommarn', '2021-07-21 16:15:30', 0),
	('XRAY', 'PROGRESS_NOTE_ADD', 'jommarn', '2020-06-01 10:27:15', 'jommarn', '2020-06-01 10:27:15', 0),
	('XRAY', 'PROGRESS_NOTE_EDIT', 'jommarn', '2020-06-01 10:27:15', 'jommarn', '2020-06-01 10:27:15', 0),
	('XRAY', 'PROGRESS_NOTE_REMOVE', 'jommarn', '2020-06-01 10:27:15', 'jommarn', '2020-06-01 10:27:15', 0),
	('XRAY', 'PROGRESS_NOTE_VIEW', 'jommarn', '2020-05-31 15:57:03', 'jommarn', '2020-05-31 15:57:03', 0),
	('XRAY', 'VITAL_SIGN_VIEW', 'jommarn', '2020-06-15 14:17:26', 'jommarn', '2020-06-15 14:17:26', 0);

CREATE TABLE IF NOT EXISTS `system_ac_role_user` (
  `loginname` VARCHAR(100) CHARACTER SET tis620 COLLATE 'tis620_thai_ci' NOT NULL,
  `role` VARCHAR(100) NOT NULL,
  `create_user` VARCHAR(250) CHARACTER SET tis620 COLLATE 'tis620_thai_ci' NOT NULL,
  `create_datetime` DATETIME NOT NULL,
  `update_user` VARCHAR(250) CHARACTER SET tis620 COLLATE 'tis620_thai_ci' NOT NULL,
  `update_datetime` DATETIME NOT NULL,
  `version` INT(11) NOT NULL,
  PRIMARY KEY (`loginname`,`role`) USING BTREE,
  UNIQUE INDEX `role_id` (`role`,`loginname`) USING BTREE,
  CONSTRAINT `system_ac_role_user_ibfk_1` FOREIGN KEY (`role`) REFERENCES `system_ac_role` (`role`) ON UPDATE CASCADE
) ENGINE=InnoDB DEFAULT CHARSET=utf8mb4 COLLATE=utf8mb4_general_ci ROW_FORMAT=COMPACT;

CREATE TABLE IF NOT EXISTS `system_patient_lock` (
  `patient_lock_id` INT(11) UNSIGNED NOT NULL AUTO_INCREMENT,
  `cid` VARCHAR(13) CHARACTER SET tis620 COLLATE 'tis620_thai_ci' DEFAULT NULL,
  `hn` VARCHAR(9) CHARACTER SET tis620 COLLATE 'tis620_thai_ci' DEFAULT NULL,
  `vn` VARCHAR(13) CHARACTER SET tis620 COLLATE 'tis620_thai_ci' DEFAULT NULL,
  `an` VARCHAR(13) CHARACTER SET tis620 COLLATE 'tis620_thai_ci' DEFAULT NULL,
  `lock_host` VARCHAR(100) DEFAULT NULL,
  `lock_user` VARCHAR(250) CHARACTER SET tis620 COLLATE 'tis620_thai_ci' DEFAULT NULL,
  `lock_program` VARCHAR(255) DEFAULT NULL,
  `lock_datetime` DATETIME DEFAULT NULL,
  PRIMARY KEY (`patient_lock_id`) USING BTREE
) ENGINE=InnoDB DEFAULT CHARSET=utf8mb4 COLLATE=utf8mb4_general_ci ROW_FORMAT=DYNAMIC;
